ID,Sensor_Type,Site,Date,Phosphorus,Nitrogen,Chlorophyll,Secchi,Color,Sun_Code,DO,Depth,Temperature,Conductivity,Salinity
1,LAKEWATCH,1,1/2/2017 16:00,77,1070,5,0.609756098,16,1,NA,NA,NA,13.68,NA
2,LAKEWATCH,2,1/2/2017 16:30,51,670,10,0.701219512,9,1,NA,NA,NA,28,NA
3,LAKEWATCH,3,1/2/2017 16:40,77,910,15,0.548780488,8,1,NA,NA,NA,23,NA
4,LAKEWATCH,4,1/2/2017 17:00,101,880,14,0.457317073,8,1,NA,NA,NA,32,NA
5,LAKEWATCH,5,1/2/2017 16:41,39,500,14,0.914634146,8,1,NA,NA,NA,30,NA
6,LAKEWATCH,6,1/2/2017 15:30,93,1110,3,0.457317073,22,1,NA,NA,NA,31.87,NA
7,LAKEWATCH,1,2/5/2017 15:00,110,1250,50,1.219512195,91,4,NA,NA,NA,14,NA
8,LAKEWATCH,2,2/5/2017 15:45,66,830,4,1.219512195,99,4,NA,NA,NA,10,NA
9,LAKEWATCH,3,2/5/2017 16:00,50,550,3,0.762195122,69,4,NA,NA,NA,7,NA
10,LAKEWATCH,4,2/5/2017 16:10,55,710,7,0.609756098,66,4,NA,NA,NA,13,NA
11,LAKEWATCH,5,2/5/2017 15:30,58,840,9,1.219512195,92,4,NA,NA,NA,12,NA
12,LAKEWATCH,6,2/5/2017 15:15,60,670,9,0.609756098,64,4,NA,NA,NA,12,NA
13,LAKEWATCH,1,3/6/2017 16:00,29,410,3,1.067073171,18,1,NA,NA,NA,38,NA
14,LAKEWATCH,2,3/6/2017 16:20,27,400,5,1.006097561,15,1,NA,NA,NA,33,NA
15,LAKEWATCH,3,3/6/2017 16:30,30,390,2,0.853658537,15,1,NA,NA,NA,35,NA
16,LAKEWATCH,4,3/6/2017 15:30,25,400,5,1.067073171,14,1,NA,NA,NA,31,NA
17,LAKEWATCH,5,3/6/2017 16:15,18,310,2,1.219512195,12,1,NA,NA,NA,27,NA
18,LAKEWATCH,6,3/6/2017 16:45,25,390,1,0.701219512,14,1,NA,NA,NA,33,NA
19,LAKEWATCH,1,4/2/2017 13:30,37,690,5,0.853658537,18,1,NA,NA,NA,9,NA
20,LAKEWATCH,2,4/2/2017 13:15,43,940,7,0.609756098,27,1,NA,NA,NA,13,NA
21,LAKEWATCH,3,4/2/2017 12:30,44,830,8,0.243902439,20,1,NA,NA,NA,11,NA
22,LAKEWATCH,4,4/2/2017 12:45,38,800,7,0.609756098,20,1,NA,NA,NA,11,NA
23,LAKEWATCH,5,4/2/2017 13:31,42,1010,12,0.457317073,28,1,NA,NA,NA,14,NA
24,LAKEWATCH,6,4/2/2017 13:45,33,590,4,0.457317073,17,1,NA,NA,NA,9,NA
25,LAKEWATCH,1,5/1/2017 13:30,49,770,4,0.609756098,11,1,NA,NA,NA,21,NA
26,LAKEWATCH,2,5/1/2017 14:00,38,470,3,0.853658537,10,1,NA,NA,NA,22,NA
27,LAKEWATCH,3,5/1/2017 14:30,53,610,16,0.914634146,12,1,NA,NA,NA,48,NA
28,LAKEWATCH,4,5/1/2017 14:45,33,490,13,0.609756098,14,1,NA,NA,NA,17,NA
29,LAKEWATCH,5,5/1/2017 14:15,35,530,9,1.31097561,14,1,NA,NA,NA,16,NA
30,LAKEWATCH,6,5/1/2017 13:45,34,480,4,1.37195122,11,1,NA,NA,NA,5,NA
31,LAKEWATCH,1,6/2/2017 16:55,38,640,10,1.219512195,9,2,NA,NA,NA,14,NA
32,LAKEWATCH,2,6/2/2017 17:10,38,470,19,1.37195122,9,2,NA,NA,NA,15,NA
33,LAKEWATCH,3,6/2/2017 16:00,49,550,30,0.762195122,10,5,NA,NA,NA,19,NA
34,LAKEWATCH,4,6/2/2017 16:15,46,510,28,1.219512195,9,5,NA,NA,NA,22,NA
35,LAKEWATCH,5,6/2/2017 16:30,34,380,20,1.37195122,6,4,NA,NA,NA,18,NA
36,LAKEWATCH,6,6/2/2017 16:40,33,470,13,1.006097561,8,4,NA,NA,NA,14,NA
37,LAKEWATCH,1,7/5/2017 14:00,78,920,7,0.609756098,65,1,NA,NA,NA,5,NA
38,LAKEWATCH,2,7/5/2017 0:00,92,680,23,0.609756098,39,1,NA,NA,NA,11,NA
39,LAKEWATCH,3,7/5/2017 13:00,79,740,62,0.609756098,20,1,NA,NA,NA,21,NA
40,LAKEWATCH,4,7/5/2017 13:15,64,710,48,0.609756098,26,1,NA,NA,NA,20,NA
41,LAKEWATCH,5,7/5/2017 13:30,96,860,59,0.609756098,31,1,NA,NA,NA,20,NA
42,LAKEWATCH,6,7/5/2017 13:40,89,690,20,0.701219512,40,1,NA,NA,NA,11,NA
43,LAKEWATCH,1,7/31/2017 13:05,73,730,7,0.609756098,22,1,NA,NA,NA,12,NA
44,LAKEWATCH,2,7/31/2017 12:50,76,670,7,0.457317073,26,1,NA,NA,NA,15,NA
45,LAKEWATCH,3,7/31/2017 12:30,75,740,5,0.609756098,29,1,NA,NA,NA,13,NA
46,LAKEWATCH,4,7/31/2017 13:50,69,700,6,0.609756098,28,1,NA,NA,NA,17,NA
47,LAKEWATCH,5,7/31/2017 13:35,60,590,6,0.853658537,22,1,NA,NA,NA,14,NA
48,LAKEWATCH,6,7/31/2017 9:20,67,730,3,0.762195122,28,1,NA,NA,NA,18,NA
49,LAKEWATCH,1,8/27/2017 14:09,83,670,4,0.457317073,76,1,NA,NA,NA,8,NA
50,LAKEWATCH,2,8/27/2017 13:00,77,630,15,0.914634146,49,1,NA,NA,NA,18,NA
51,LAKEWATCH,3,8/27/2017 13:16,66,600,9,1.006097561,41,1,NA,NA,NA,20,NA
52,LAKEWATCH,4,8/27/2017 15:26,79,630,17,0,43,2,NA,NA,NA,21,NA
53,LAKEWATCH,5,8/27/2017 14:50,72,610,9,0.853658537,46,3,NA,NA,NA,18,NA
54,LAKEWATCH,6,8/27/2017 10:24,81,720,2,0.548780488,85,1,NA,NA,NA,8,NA
55,LAKEWATCH,1,9/29/2017 14:30,88,690,18,0.762195122,83,1,NA,NA,NA,27,NA
56,LAKEWATCH,2,9/29/2017 14:10,71,590,6,0.609756098,76,1,NA,NA,NA,25,NA
57,LAKEWATCH,3,9/29/2017 13:45,73,610,12,0.914634146,94,1,NA,NA,NA,29,NA
58,LAKEWATCH,4,9/29/2017 15:30,56,590,15,0.914634146,81,1,NA,NA,NA,27,NA
59,LAKEWATCH,5,9/29/2017 14:50,71,650,15,0.701219512,86,1,NA,NA,NA,28,NA
60,LAKEWATCH,6,9/29/2017 14:55,61,610,16,0.609756098,77,1,NA,NA,NA,26,NA
61,LAKEWATCH,1,10/26/2017 13:15,64,730,7,0.548780488,92,1,NA,NA,NA,7,NA
62,LAKEWATCH,2,10/26/2017 13:30,80,930,18,0.853658537,105,1,NA,NA,NA,15,NA
63,LAKEWATCH,3,10/26/2017 13:45,87,930,25,0.853658537,95,1,NA,NA,NA,17,NA
64,LAKEWATCH,4,10/26/2017 12:30,82,940,18,0.304878049,85,1,NA,NA,NA,14,NA
65,LAKEWATCH,5,10/26/2017 12:45,64,790,12,0.304878049,83,1,NA,NA,NA,12,NA
66,LAKEWATCH,6,10/26/2017 13:00,56,720,4,0.609756098,83,1,NA,NA,NA,7,NA
67,LAKEWATCH,1,12/1/2017 13:10,47,710,19,0,21,1,NA,NA,NA,20,NA
68,LAKEWATCH,2,12/1/2017 14:10,44,520,29,1.31097561,14,1,NA,NA,NA,31,NA
69,LAKEWATCH,3,12/1/2017 14:30,41,450,12,1.37195122,13,1,NA,NA,NA,34,NA
70,LAKEWATCH,4,12/1/2017 12:30,43,500,30,0.762195122,14,1,NA,NA,NA,30,NA
71,LAKEWATCH,5,12/1/2017 12:45,40,500,44,1.219512195,15,1,NA,NA,NA,28,NA
72,LAKEWATCH,6,12/1/2017 13:00,35,650,30,1.067073171,25,1,NA,NA,NA,14,NA
73,YSI,1,3/16/2018 17:05,NA,NA,NA,NA,NA,NA,,0,,,
74,YSI,2,3/16/2018 17:54,NA,NA,NA,NA,NA,NA,,1.3,,,
75,YSI,3,3/16/2018 14:31,NA,NA,NA,NA,NA,NA,13.27,0,15,21.36,16
76,YSI,4,3/16/2018 14:04,NA,NA,NA,NA,NA,NA,11.66,1.07,14.9,21.3,16.2
77,YSI,5,3/16/2018 17:40,NA,NA,NA,NA,NA,NA,,0,,,
78,YSI,6,3/16/2018 17:15,NA,NA,NA,NA,NA,NA,,0,,,
79,YSI,7,3/16/2018 16:11,NA,NA,NA,NA,NA,NA,,0,15.4,16.01,11
80,YSI,8,3/16/2018 16:25,NA,NA,NA,NA,NA,NA,,0,12.94,15.84,11.5
81,YSI,9,3/16/2018 14:43,NA,NA,NA,NA,NA,NA,15.38,0,14.7,21.11,16
82,YSI,6,4/17/2018 13:00,NA,NA,NA,NA,NA,NA,16.03,0.65,20.4,0.4239,0.02
83,YSI,1,4/17/2018 13:37,NA,NA,NA,NA,NA,NA,13.6,0.38,20.8,0.3836,0.2
84,YSI,5,4/17/2018 14:00,NA,NA,NA,NA,NA,NA,15.46,0.82,18.4,10.15,7
85,YSI,3,4/17/2018 14:49,NA,NA,NA,NA,NA,NA,15.55,0.95,17.8,12.64,7.3
86,YSI,4,4/17/2018 15:00,NA,NA,NA,NA,NA,NA,13.45,0.8,18.7,12.58,9.3
87,YSI,9,4/17/2018 15:19,NA,NA,NA,NA,NA,NA,14.3,0.88,18,13.8,9.5
88,YSI,2,4/17/2018 15:34,NA,NA,NA,NA,NA,NA,10.88,1.3,19.2,23.57,16.5
89,YSI,8,4/17/2018 15:42,NA,NA,NA,NA,NA,NA,14.05,0.92,19,9.85,6.3
90,YSI,7,4/17/2018 16:12,NA,NA,NA,NA,NA,NA,13.07,1.18,20.4,1.73,1
91,YSI,4,4/30/2018 12:19,NA,NA,NA,NA,NA,NA,13.2,0.46,22.4,16.59,10.3
92,YSI,5,4/30/2018 12:45,NA,NA,NA,NA,NA,NA,12.47,0.61,22.6,9.01,5.3
93,YSI,6,4/30/2018 13:10,NA,NA,NA,NA,NA,NA,12.54,0.61,23.3,0.49,0.2
94,YSI,9,4/30/2018 16:30,NA,NA,NA,NA,NA,NA,12.3,1.22,23.2,14.37,10.7
95,YSI,1,4/30/2018 13:55,NA,NA,NA,NA,NA,NA,12.72,0.3,23.8,0.4377,0.2
96,YSI,7,4/30/2018 14:15,NA,NA,NA,NA,NA,NA,11.86,0.76,23.3,2.473,1.3
97,YSI,8,4/30/2018 14:30,NA,NA,NA,NA,NA,NA,12.5,0.61,22.5,8.14,4.8
98,YSI,2,4/30/2018 14:48,NA,NA,NA,NA,NA,NA,11.9,0.91,23.2,16.42,9.9
99,YSI,3,4/30/2018 15:06,NA,NA,NA,NA,NA,NA,13.89,1.22,23.1,17.72,10.9
100,YSI,1,5/11/2018 11:52,NA,NA,NA,NA,NA,NA,11.1,0.76,25.9,9.2,4.9
101,YSI,2,5/11/2018 13:19,NA,NA,NA,NA,NA,NA,11.9,1.55,26.4,26.15,15.5
102,YSI,3,5/11/2018 13:49,NA,NA,NA,NA,NA,NA,11.28,1.5,26.5,30.6,18.4
103,YSI,4,5/11/2018 14:30,NA,NA,NA,NA,NA,NA,11.03,1.38,26.6,31.42,18.9
104,YSI,5,5/11/2018 14:54,NA,NA,NA,NA,NA,NA,11.35,1.67,26.6,30.62,18.3
105,YSI,6,5/11/2018 11:28,NA,NA,NA,NA,NA,NA,7.04,0.95,26.3,18.01,10.4
106,YSI,7,5/11/2018 12:23,NA,NA,NA,NA,NA,NA,9.06,1.2,27,23.55,13.6
107,YSI,8,5/11/2018 12:41,NA,NA,NA,NA,NA,NA,11.62,1.05,26.2,20.6,12
108,YSI,9,5/11/2018 14:01,NA,NA,NA,NA,NA,NA,12.13,1.4,26.5,26.1,15.4
109,YSI,1,5/24/2018 12:09,NA,NA,NA,NA,NA,NA,7.61,1.22,27.8,46.07,28.1
110,YSI,2,5/24/2018 13:22,NA,NA,NA,NA,NA,NA,11.73,2.13,27.7,45.4,27.7
111,YSI,3,5/24/2018 14:28,NA,NA,NA,NA,NA,NA,11.05,1.52,27.8,46.25,28.1
112,YSI,4,5/24/2018 14:05,NA,NA,NA,NA,NA,NA,11.3,1.52,27.8,46,28.1
113,YSI,5,5/24/2018 13:41,NA,NA,NA,NA,NA,NA,8.92,1.83,28,46.5,28.3
114,YSI,6,5/24/2018 11:41,NA,NA,NA,NA,NA,NA,7.31,1.52,27.9,46.51,28.4
115,YSI,7,5/24/2018 12:39,NA,NA,NA,NA,NA,NA,8.74,1.68,28.2,43.73,26.3
116,YSI,8,5/24/2018 12:56,NA,NA,NA,NA,NA,NA,10.36,1.52,28.9,42.79,25.3
117,YSI,9,5/24/2018 14:44,NA,NA,NA,NA,NA,NA,10.44,1.52,28,44.77,27.1
118,YSI,6,6/8/2018 19:17,NA,NA,NA,NA,NA,NA,10.85,1,28.5,0.526,0.5
119,YSI,1,6/8/2018 19:39,NA,NA,NA,NA,NA,NA,10.02,0.75,28.3,1.016,0.5
120,YSI,7,6/8/2018 20:10,NA,NA,NA,NA,NA,NA,9.4,1,28.5,0.0149,0
121,YSI,8,6/8/2018 20:33,NA,NA,NA,NA,NA,NA,11.07,0.75,30.3,7.17,3.5
122,YSI,2,6/8/2018 20:58,NA,NA,NA,NA,NA,NA,11.04,1,30.4,7.9,3.9
123,YSI,5,6/8/2018 18:20,NA,NA,NA,NA,NA,NA,7.45,1.2,27.7,17.89,10
124,YSI,9,6/8/2018 21:21,NA,NA,NA,NA,NA,NA,10.7,0.9,30,15.94,8.4
125,YSI,4,6/8/2018 22:29,NA,NA,NA,NA,NA,NA,10.6,1,29.4,18.07,9.7
126,YSI,3,6/8/2018 22:07,NA,NA,NA,NA,NA,NA,10.21,1.1,29.6,17.91,9.6
127,YSI,5,6/25/2018 19:31,NA,NA,NA,NA,NA,NA,9.1,1.3,30.4,19.75,1.4
128,YSI,4,6/25/2018 19:50,NA,NA,NA,NA,NA,NA,15.11,1.05,31.6,17.96,9.2
129,YSI,3,6/25/2018 20:09,NA,NA,NA,NA,NA,NA,12.6,1.13,30.9,18.13,9.2
130,YSI,9,6/25/2018 20:21,NA,NA,NA,NA,NA,NA,9.09,0.97,30.5,23.54,12.7
131,YSI,2,6/25/2018 20:50,NA,NA,NA,NA,NA,NA,9.02,1.18,30.1,20.69,11.1
132,YSI,8,6/25/2018 21:09,NA,NA,NA,NA,NA,NA,12.22,0.76,32.5,4.9,2.2
133,YSI,7,6/25/2018 21:24,NA,NA,NA,NA,NA,NA,10.22,1.92,31.7,13.13,0.6
134,YSI,1,6/25/2018 22:01,NA,NA,NA,NA,NA,NA,10.08,0.71,29.4,0.3338,0.2
135,YSI,6,6/25/2018 21:42,NA,NA,NA,NA,NA,NA,10.06,0.51,29.6,0.3454,0.1
136,LAKEWATCH,1,1/11/2018 16:00,41,810,10,1.158536585,20,2,NA,NA,NA,26,NA
137,LAKEWATCH,2,1/11/2018 16:45,20,330,9,1.676829268,10,1,NA,NA,NA,34,NA
138,LAKEWATCH,3,1/11/2018 14:00,22,340,6,1.676829268,9,5,NA,NA,NA,36,NA
139,LAKEWATCH,4,1/11/2018 15:00,19,330,10,1.37195122,10,5,NA,NA,NA,37,NA
140,LAKEWATCH,5,1/11/2018 15:20,17,340,19,1.524390244,9,2,NA,NA,NA,35,NA
141,LAKEWATCH,6,1/11/2018 15:50,46,940,9,1.219512195,27,1,NA,NA,NA,26,NA
142,LAKEWATCH,1,1/27/2018 15:40,42,670,3,1.067073171,23,3,NA,NA,NA,21,NA
143,LAKEWATCH,2,1/27/2018 16:20,23,360,12,1.524390244,13,3,NA,NA,NA,28,NA
144,LAKEWATCH,3,1/27/2018 14:40,26,390,11,1.829268293,13,3,NA,NA,NA,31,NA
145,LAKEWATCH,4,1/27/2018 14:50,21,340,10,1.219512195,14,3,NA,NA,NA,29,NA
146,LAKEWATCH,5,1/27/2018 15:05,22,420,11,1.615853659,17,3,NA,NA,NA,31,NA
147,LAKEWATCH,6,1/27/2018 15:25,38,530,8,1.37195122,20,3,NA,NA,NA,19,NA
148,LAKEWATCH,1,2/22/2018 15:02,74,650,1,0.609756098,90,1,NA,NA,NA,5,NA
149,LAKEWATCH,2,2/22/2018 15:52,38,480,11,1.31097561,20,1,NA,NA,NA,28,NA
150,LAKEWATCH,3,2/22/2018 13:47,38,470,0,1.219512195,13,1,NA,NA,NA,32,NA
151,LAKEWATCH,4,2/22/2018 14:07,36,450,5,0.853658537,13,1,NA,NA,NA,33,NA
152,LAKEWATCH,5,2/22/2018 14:33,37,470,6,1.067073171,21,1,NA,NA,NA,25,NA
153,LAKEWATCH,6,2/22/2018 14:48,69,740,1,0.914634146,90,1,NA,NA,NA,7,NA
154,LAKEWATCH,1,4/4/2018 16:30,90,730,13,0.609756098,27,5,NA,NA,NA,11,NA
155,LAKEWATCH,2,4/4/2018 16:00,47,660,4,1.219512195,24,2,NA,NA,NA,18,NA
156,LAKEWATCH,3,4/4/2018 15:00,43,550,6,1.219512195,24,2,NA,NA,NA,23,NA
157,LAKEWATCH,4,4/4/2018 14:50,57,630,8,1.067073171,20,2,NA,NA,NA,26,NA
158,LAKEWATCH,5,4/4/2018 18:30,47,690,9,1.524390244,22,5,NA,NA,NA,21,NA
159,LAKEWATCH,6,4/4/2018 18:00,58,780,10,1.067073171,27,5,NA,NA,NA,15,NA
160,YSI,3,8/6/2018 15:49,NA,NA,NA,NA,NA,NA,10.86,1.83,31.5,36.25,19.9
161,YSI,4,8/6/2018 16:14,NA,NA,NA,NA,NA,NA,10.67,1.22,31.2,38.16,21.3
162,YSI,5,8/6/2018 16:35,NA,NA,NA,NA,NA,NA,8.64,1.52,30.7,34.56,19.2
163,YSI,6,8/6/2018 16:56,NA,NA,NA,NA,NA,NA,7.91,0.3,29.7,18.71,10
164,YSI,1,8/6/2018 17:10,NA,NA,NA,NA,NA,NA,7.54,1.14,29.5,19.18,10.5
165,YSI,2,8/6/2018 17:56,NA,NA,NA,NA,NA,NA,5.44,,30.7,23.91,12.4
166,LAKEWATCH,1,4/30/2018 13:30,133,1560,8,0.304878049,59,1,NA,NA,NA,4.58,NA
167,LAKEWATCH,2,4/30/2018 14:31,100,1140,14,0.762195122,66,1,NA,NA,NA,13,NA
168,LAKEWATCH,3,4/30/2018 14:49,91,1110,21,0.914634146,65,1,NA,NA,NA,17,NA
169,LAKEWATCH,4,4/30/2018 12:15,73,800,20,0.365853659,56,1,NA,NA,NA,13,NA
170,LAKEWATCH,5,4/30/2018 12:45,108,820,10,0.609756098,65,1,NA,NA,NA,5,NA
171,LAKEWATCH,6,4/30/2018 13:10,115,1430,6,0.609756098,86,1,NA,NA,NA,5.38,NA
173,LAKEWATCH,1,5/24/2018 12:04,57,840,6,1.219512195,26,3,NA,NA,NA,6,NA
174,LAKEWATCH,2,5/24/2018 13:22,50,650,7,1.067073171,21,3,NA,NA,NA,18,NA
175,LAKEWATCH,3,5/24/2018 14:28,54,540,11,1.067073171,19,3,NA,NA,NA,22,NA
176,LAKEWATCH,4,5/24/2018 14:05,57,700,10,1.067073171,29,3,NA,NA,NA,24,NA
177,LAKEWATCH,5,5/24/2018 13:41,54,650,10,1.067073171,24,3,NA,NA,NA,28,NA
178,LAKEWATCH,6,5/24/2018 11:41,86,1130,9,1.067073171,29,3,NA,NA,NA,17,NA
179,LAKEWATCH,1,7/2/2018 15:20,96,1330,1,0.701219512,142,3,NA,NA,NA,2.84,NA
180,LAKEWATCH,2,7/2/2018 15:25,119,920,22,0.762195122,101,3,NA,NA,NA,12,NA
181,LAKEWATCH,3,7/2/2018 15:35,86,750,10,0.914634146,53,3,NA,NA,NA,27,NA
182,LAKEWATCH,4,7/2/2018 16:45,92,890,14,0.914634146,57,3,NA,NA,NA,28,NA
183,LAKEWATCH,5,7/2/2018 13:30,94,730,24,0.762195122,78,3,NA,NA,NA,13,NA
184,LAKEWATCH,6,7/2/2018 15:36,93,1170,1,0.701219512,146,3,NA,NA,NA,3.16,NA
185,YSI,1,8/20/2018 17:29,NA,NA,NA,NA,NA,NA,9.35,0.74,29.8,1.1,0.5
186,YSI,6,8/20/2018 20:03,NA,NA,NA,NA,NA,NA,9.12,0.96,29.2,0.929,0.4
187,YSI,4,8/20/2018 20:51,NA,NA,NA,NA,NA,NA,6.82,0.9,32.5,10.1,14.6
188,YSI,3,8/20/2018 21:18,NA,NA,NA,NA,NA,NA,5.17,1.13,32.7,27.87,13.5
189,YSI,5,8/20/2018 20:31,NA,NA,NA,NA,NA,NA,9.3,1.11,32.9,26.83,4.8
190,YSI,9,8/20/2018 21:35,NA,NA,NA,NA,NA,NA,7.01,0.85,33.1,21.27,10.8
191,YSI,8,8/20/2018 22:00,NA,NA,NA,NA,NA,NA,9.73,0.9,33.1,10.76,5.2
192,YSI,7,8/20/2018 22:20,NA,NA,NA,NA,NA,NA,8.73,1.18,31.7,3.91,1.8
193,YSI,6,7/24/2018 19:21,NA,NA,NA,NA,NA,NA,8.99,1.35,27.6,1.6,0.8
194,YSI,5,7/24/2018 19:43,NA,NA,NA,NA,NA,NA,12.37,1.31,28.4,7.2,3.7
195,YSI,4,7/24/2018 20:02,NA,NA,NA,NA,NA,NA,14.25,1,29,11.7,6.1
196,YSI,3,7/24/2018 20:29,NA,NA,NA,NA,NA,NA,13.51,1.25,28.8,12.51,6.6
197,YSI,9,7/24/2018 20:46,NA,NA,NA,NA,NA,NA,11.25,,29.1,10.73,5.6
198,YSI,8,7/24/2018 21:06,NA,NA,NA,NA,NA,NA,10.49,0.9,30,3.28,1.5
199,YSI,7,7/24/2018 21:22,NA,NA,NA,NA,NA,NA,9.55,1.05,29.2,0.977,0.4
200,YSI,4,9/5/2018 19:07,NA,NA,NA,NA,NA,NA,17.73,0.91,29.3,42.3,24.8
201,YSI,3,9/5/2018 19:30,NA,NA,NA,NA,NA,NA,11.38,0.91,28.9,43.2,25.5
202,YSI,9,9/5/2018 19:45,NA,NA,NA,NA,NA,NA,12.28,0.91,29,42.5,25.1
203,YSI,5,9/5/2018 20:14,NA,NA,NA,NA,NA,NA,14.01,1.22,30.1,37.9,21.7
204,YSI,6,9/5/2018 20:44,NA,NA,NA,NA,NA,NA,6.7,0.91,28.3,30.9,18.3
205,YSI,1,9/5/2018 21:02,NA,NA,NA,NA,NA,NA,9.15,0.91,27.6,4.4,2.2
206,YSI,7,9/5/2018 22:23,NA,NA,NA,NA,NA,NA,6,0.91,29.6,20.16,10.6
207,YSI,8,9/5/2018 22:33,NA,NA,NA,NA,NA,NA,9.63,,29.1,40.8,23.9
208,YSI,6,9/21/2018 20:49,NA,NA,NA,NA,NA,NA,9.25,1.1,29.6,16.7,8.9
209,YSI,1,9/21/2018 21:10,NA,NA,NA,NA,NA,NA,9.23,0.8,29.1,11.72,6.1
210,YSI,5,9/21/2018 21:36,NA,NA,NA,NA,NA,NA,7.42,0.8,31.1,32.34,17.7
211,YSI,4,9/21/2018 21:51,NA,NA,NA,NA,NA,NA,10.6,0.7,31.3,38,21.1
212,YSI,3,9/21/2018 22:14,NA,NA,NA,NA,NA,NA,11.43,1,31.2,40.55,22.7
213,YSI,9,9/21/2018 22:29,NA,NA,NA,NA,NA,NA,15.14,0.6,31.7,33.72,18.4
214,YSI,2,9/21/2018 22:47,NA,NA,NA,NA,NA,NA,5.01,1.1,31.6,32.86,17.8
215,YSI,8,9/21/2018 23:04,NA,NA,NA,NA,NA,NA,4.43,0.8,31.4,26.72,14.3
216,YSI,7,9/21/2018 23:28,NA,NA,NA,NA,NA,NA,7.5,1,30.2,10.72,5.4
217,YSI,1,10/4/2018 19:32,NA,NA,NA,NA,NA,NA,10.53,0.5,27.8,13.07,7.1
218,YSI,6,10/4/2018 19:58,NA,NA,NA,NA,NA,NA,10.95,0.7,27.9,12.46,6.7
219,YSI,5,10/4/2018 20:18,NA,NA,NA,NA,NA,NA,13.55,0.8,29.7,40.45,23.4
220,YSI,4,10/4/2018 20:40,NA,NA,NA,NA,NA,NA,12.55,0.5,29.2,44.13,26
221,YSI,3,10/4/2018 21:00,NA,NA,NA,NA,NA,NA,12.04,0.8,29.4,43,25.2
222,YSI,9,10/4/2018 21:21,NA,NA,NA,NA,NA,NA,11.75,0.5,29.5,46.95,27.7
223,YSI,2,10/4/2018 21:43,NA,NA,NA,NA,NA,NA,13.22,0.9,29.7,40.04,23.1
224,YSI,8,10/4/2018 22:06,NA,NA,NA,NA,NA,NA,7.75,0.6,29.8,41.17,23.8
225,YSI,7,10/4/2018 22:30,NA,NA,NA,NA,NA,NA,9.46,0.8,29.1,25.08,14
227,YSI,1,10/20/2018 17:53,NA,NA,NA,NA,NA,NA,9.69,0.9,28.3,28.72,16.8
228,YSI,6,10/20/2018 18:30,NA,NA,NA,NA,NA,NA,5.68,1.2,28.6,40.24,23.8
229,YSI,5,10/20/2018 19:03,NA,NA,NA,NA,NA,NA,17.37,1.2,29.8,39.59,22.8
230,YSI,4,10/20/2018 19:30,NA,NA,NA,NA,NA,NA,18.24,1,30.3,41.3,23.7
231,YSI,3,10/20/2018 20:05,NA,NA,NA,NA,NA,NA,12.96,1.3,29.1,42.55,25
232,YSI,9,10/20/2018 20:28,NA,NA,NA,NA,NA,NA,16.75,1.1,30.6,39.75,22.5
233,YSI,2,10/20/2018 20:55,NA,NA,NA,NA,NA,NA,14.64,1.4,29.8,39.39,22.6
234,YSI,7,10/20/2018 21:24,NA,NA,NA,NA,NA,NA,12.6,1.3,30.7,34.91,19.5
235,YSI,8,10/20/2018 21:48,NA,NA,NA,NA,NA,NA,12.64,1.1,31,36.55,20.1
236,LAKEWATCH,1,8/6/2018 13:10,94,660,4,0.762195122,156,3,NA,NA,NA,6,NA
237,LAKEWATCH,2,8/6/2018 14:26,81,740,9,0.304878049,89,1,NA,NA,NA,21,NA
238,LAKEWATCH,3,8/6/2018 11:47,53,440,7,1.219512195,28,3,NA,NA,NA,23,NA
239,LAKEWATCH,4,8/6/2018 12:10,66,540,7,1.219512195,47,3,NA,NA,NA,24,NA
240,LAKEWATCH,5,8/6/2018 12:33,75,630,8,1.067073171,84,3,NA,NA,NA,15,NA
241,LAKEWATCH,6,8/6/2018 12:49,87,660,5,1.158536585,127,3,NA,NA,NA,9,NA
243,LAKEWATCH,1,9/5/2018 17:10,99,970,2,0.762195122,126,4,NA,NA,NA,25.45,NA
244,LAKEWATCH,2,9/5/2018 18:00,85,610,13,1.219512195,43,4,NA,NA,NA,26,NA
245,LAKEWATCH,3,9/5/2018 15:30,112,850,11,0.914634146,31,4,NA,NA,NA,26,NA
246,LAKEWATCH,4,9/5/2018 15:15,64,700,11,0.914634146,26,4,NA,NA,NA,31,NA
247,LAKEWATCH,5,9/5/2018 16:15,84,590,17,1.067073171,34,4,NA,NA,NA,29,NA
248,LAKEWATCH,6,9/5/2018 16:55,102,990,2,0.609756098,121,4,NA,NA,NA,5,NA
249,YSI,3,10/31/2018 16:21,NA,NA,NA,NA,NA,NA,18.16,1.22,22.7,35.22,23.3
250,YSI,9,10/31/2018 16:43,NA,NA,NA,NA,NA,NA,20.16,0.91,23.1,36.72,24.2
251,YSI,2,10/31/2018 17:02,NA,NA,NA,NA,NA,NA,15.87,1.22,22.5,32.64,21.1
252,YSI,8,10/31/2018 17:16,NA,NA,NA,NA,NA,NA,16.37,0.91,23.5,32.71,21.2
253,YSI,7,10/31/2018 17:34,NA,NA,NA,NA,NA,NA,12.29,0.91,22.4,16.43,10.2
254,YSI,1,10/31/2018 17:53,NA,NA,NA,NA,NA,NA,14.6,0.61,23,5.78,3.2
255,YSI,6,10/31/2018 18:07,NA,NA,NA,NA,NA,NA,16.02,0.91,23.5,8.48,4.6
256,YSI,5,10/31/2018 18:36,NA,NA,NA,NA,NA,NA,22.62,0.91,24,31.05,19.7
257,YSI,4,10/31/2018 18:51,NA,NA,NA,NA,NA,NA,22.3,1.22,24,33.27,21.3
258,YSI,3,11/15/2018 17:06,NA,NA,NA,NA,NA,NA,14.24,0.9,20.8,23.68,15.7
259,YSI,9,11/15/2018 17:24,NA,NA,NA,NA,NA,NA,4.67,0.7,20.6,23.44,15.6
260,YSI,2,11/15/2018 17:54,NA,NA,NA,NA,NA,NA,14.2,1,21.2,23.84,15.7
261,YSI,8,11/15/2018 18:20,NA,NA,NA,NA,NA,NA,11.36,0.6,20.8,34.84,16.4
262,YSI,7,11/15/2018 18:48,NA,NA,NA,NA,NA,NA,14.52,0.7,21.7,13.36,8.3
263,YSI,1,11/15/2018 19:11,NA,NA,NA,NA,NA,NA,26.47,0.5,21.6,0.69,0.4
264,YSI,6,11/15/2018 19:28,NA,NA,NA,NA,NA,NA,15.82,0.8,21.6,1.6,0.9
265,YSI,5,11/15/2018 19:54,NA,NA,NA,NA,NA,NA,15.5,0.8,21.1,18.56,12
266,YSI,4,11/15/2018 20:14,NA,NA,NA,NA,NA,NA,15.7,0.7,20.5,22.42,14.9
267,YSI,4,12/5/2018 15:38,NA,NA,NA,NA,NA,NA,17.67,0.9,15.6,20.93,15.6
268,YSI,5,12/5/2018 16:02,NA,NA,NA,NA,NA,NA,20.55,1.2,16.1,19.18,14
269,YSI,6,12/5/2018 16:39,NA,NA,NA,NA,NA,NA,22.1,1.2,15.8,19.63,14.5
270,YSI,1,12/5/2018 16:53,NA,NA,NA,NA,NA,NA,15.6,0.9,16,19.11,14
271,YSI,7,12/5/2018 17:13,NA,NA,NA,NA,NA,NA,16.01,1.2,16.5,11.38,7.9
272,YSI,8,12/5/2018 17:30,NA,NA,NA,NA,NA,NA,16.93,1.2,16.1,12,8.3
273,YSI,2,12/5/2018 17:54,NA,NA,NA,NA,NA,NA,16.66,1.2,16.5,18.37,13.3
274,YSI,3,12/5/2018 18:24,NA,NA,NA,NA,NA,NA,16.68,1.5,16.5,23.18,17.1
275,YSI,9,12/5/2018 18:38,NA,NA,NA,NA,NA,NA,17.84,1.2,15.8,22.34,16.7
276,YSI,5,12/18/2018 13:34,NA,NA,NA,NA,NA,NA,12.46,1.3,15.6,29.27,22.6
277,YSI,2,12/18/2018 13:45,NA,NA,NA,NA,NA,NA,14.44,1.5,14.1,8.89,6.8
278,YSI,8,12/18/2018 13:59,NA,NA,NA,NA,NA,NA,13.65,1.1,15.4,14.04,10.2
279,YSI,7,12/18/2018 14:20,NA,NA,NA,NA,NA,NA,10.94,1.4,15.8,16.46,11.9
280,YSI,1,12/18/2018 14:40,NA,NA,NA,NA,NA,NA,14.56,1.1,13.6,0.92,0.6
281,YSI,6,12/18/2018 14:58,NA,NA,NA,NA,NA,NA,13.88,1.4,14.7,18.23,13.6
282,YSI,3,12/18/2018 15:21,NA,NA,NA,NA,NA,NA,15.98,1.6,14.2,10.99,8.5
283,YSI,9,12/18/2018 15:43,NA,NA,NA,NA,NA,NA,16.32,1.3,15.3,23.04,18.3
284,YSI,4,12/18/2018 18:12,NA,NA,NA,NA,NA,NA,15.1,1.3,14.6,20.23,15.4
285,YSI,1,1/3/2019 14:52,NA,NA,NA,NA,NA,NA,14.4,0.8,17,0.2,0.1
286,YSI,2,1/3/2019 15:43,NA,NA,NA,NA,NA,NA,12.2,1.4,20.7,31.06,21.3
287,YSI,3,1/3/2019 16:34,NA,NA,NA,NA,NA,NA,12.5,1.6,20.9,32.73,22.4
288,YSI,4,1/3/2019 13:57,NA,NA,NA,NA,NA,NA,12.51,0.7,21,25.57,17
289,YSI,5,1/3/2019 14:22,NA,NA,NA,NA,NA,NA,10,1.1,20.5,25.64,17.3
290,YSI,6,1/3/2019 14:40,NA,NA,NA,NA,NA,NA,13.04,1.1,16.9,0.23,0.1
291,YSI,7,1/3/2019 15:10,NA,NA,NA,NA,NA,NA,12.63,1.1,17.2,0.87,0.5
292,YSI,8,1/3/2019 16:02,NA,NA,NA,NA,NA,NA,14.48,1.2,19.6,8.34,5.3
293,YSI,9,1/3/2019 16:44,NA,NA,NA,NA,NA,NA,12.34,1.5,21.1,32.94,22.5
294,YSI,1,2/1/2019 16:28,NA,NA,NA,NA,NA,NA,17.96,1.2,11.8,16.87,13.7
295,YSI,2,2/1/2019 17:36,NA,NA,NA,NA,NA,NA,19.67,1.7,11.7,22.12,18.3
296,YSI,3,2/1/2019 17:56,NA,NA,NA,NA,NA,NA,19.84,1.5,11.9,24.12,20
297,YSI,4,2/1/2019 15:33,NA,NA,NA,NA,NA,NA,19.6,1.1,11.9,24.83,20.9
298,YSI,5,2/1/2019 15:57,NA,NA,NA,NA,NA,NA,19.39,1.4,11.8,22.28,17.7
299,YSI,6,2/1/2019 18:12,NA,NA,NA,NA,NA,NA,14.76,1.4,11.8,11.53,9
300,YSI,7,2/1/2019 18:47,NA,NA,NA,NA,NA,NA,19.4,1.4,12.1,16.01,13.2
301,YSI,8,2/1/2019 17:09,NA,NA,NA,NA,NA,NA,18.39,1.2,11.6,17.77,14.5
302,YSI,9,2/1/2019 18:09,NA,NA,NA,NA,NA,NA,21.2,1.2,12,24.9,20.8
303,LAKEWATCH,1,10/4/2018 19:32,78,940,9,0.609756098,39,4,NA,NA,NA,9,NA
304,LAKEWATCH,2,10/4/2018 21:43,106,490,48,0.609756098,28,4,NA,NA,NA,27,NA
305,LAKEWATCH,3,10/4/2018 21:00,129,520,35,0.762195122,27,4,NA,NA,NA,30,NA
306,LAKEWATCH,4,10/4/2018 20:40,115,510,35,0.457317073,25,4,NA,NA,NA,33,NA
307,LAKEWATCH,5,10/4/2018 20:18,109,480,45,0.853658537,27,4,NA,NA,NA,28,NA
308,LAKEWATCH,6,10/4/2018 19:58,76,790,10,0.701219512,38,4,NA,NA,NA,7,NA
309,LAKEWATCH,1,10/31/2018 17:53,68,1040,6,0.609756098,33,1,NA,NA,NA,3.804,NA
310,LAKEWATCH,2,10/31/2018 17:02,50,400,34,1.219512195,25,1,NA,NA,NA,22,NA
311,LAKEWATCH,3,10/31/2018 18:21,60,530,30,1.219512195,23,1,NA,NA,NA,28,NA
312,LAKEWATCH,5,10/31/2018 18:36,62,480,55,0.914634146,28,1,NA,NA,NA,23,NA
313,LAKEWATCH,6,10/31/2018 18:07,63,770,9,0.914634146,26,1,NA,NA,NA,5,NA
314,YSI,1,2/14/2019 17:06,NA,NA,NA,NA,NA,NA,13.5,0.8,17.3,0.9,0.5
315,YSI,2,2/14/2019 13:58,NA,NA,NA,NA,NA,NA,14.84,1.4,16.9,24.81,18.2
316,YSI,3,2/14/2019 14:28,NA,NA,NA,NA,NA,NA,14.65,1.3,16.3,24.9,18.6
317,YSI,4,2/14/2019 16:03,NA,NA,NA,NA,NA,NA,14.3,1,16.4,24.68,18.4
318,YSI,5,2/14/2019 16:24,NA,NA,NA,NA,NA,NA,15.21,1.2,16.7,12,7.8
319,YSI,6,2/14/2019 16:45,NA,NA,NA,NA,NA,NA,13.8,1.1,17.2,2.08,1.2
320,YSI,7,2/14/2019 13:19,NA,NA,NA,NA,NA,NA,14.3,1.2,15.5,0.319,0.2
321,YSI,8,2/14/2019 13:36,NA,NA,NA,NA,NA,NA,14.95,1.1,15.9,9.2,6.6
322,YSI,9,2/14/2019 14:50,NA,NA,NA,NA,NA,NA,14.14,1.1,15.6,21.55,16.1
323,YSI,1,3/8/2019 16:00,NA,NA,NA,NA,NA,NA,16.8,1.4,17.9,10.51,7
324,YSI,2,3/8/2019 17:01,NA,NA,NA,NA,NA,NA,17.3,1.8,17.3,24.57,17.8
325,YSI,3,3/8/2019 19:15,NA,NA,NA,NA,NA,NA,20,1.8,17.8,26.76,19.3
326,YSI,4,3/8/2019 16:15,NA,NA,NA,NA,NA,NA,20.7,1.5,17.8,26.59,19.2
327,YSI,5,3/8/2019 18:37,NA,NA,NA,NA,NA,NA,19.3,1.8,17.8,20.67,14.6
328,YSI,6,3/8/2019 18:16,NA,NA,NA,NA,NA,NA,17.08,1.5,17.7,12.07,8.2
329,YSI,7,3/8/2019 17:47,NA,NA,NA,NA,NA,NA,16,1.7,17.8,13.14,9
330,YSI,8,3/8/2019 17:35,NA,NA,NA,NA,NA,NA,15.2,1.2,16.9,12.25,8.4
331,YSI,9,3/8/2019 19:38,NA,NA,NA,NA,NA,NA,20.98,1.7,17.7,26.2,19
332,YSI,10,3/8/2019 20:03,NA,NA,NA,NA,NA,NA,18.5,1.2,18.5,24.67,17.4
333,YSI,1,3/22/2019 13:41,NA,NA,NA,NA,NA,NA,14.7,0.4,18.5,0.26,0.7
334,YSI,2,3/22/2019 16:27,NA,NA,NA,NA,NA,NA,17.02,1.4,18.5,7.57,4.8
335,YSI,3,3/22/2019 15:49,NA,NA,NA,NA,NA,NA,16.48,1.1,18,16.76,11.5
336,YSI,4,3/22/2019 15:23,NA,NA,NA,NA,NA,NA,16.88,0.8,17.9,15.19,10.4
337,YSI,5,3/22/2019 15:00,NA,NA,NA,NA,NA,NA,16.7,0.8,18,5.51,3.5
338,YSI,6,3/22/2019 14:34,NA,NA,NA,NA,NA,NA,16.98,0.7,18.8,0.32,0.2
339,YSI,7,3/22/2019 16:51,NA,NA,NA,NA,NA,NA,14.22,1.4,19.5,0.29,0.2
340,YSI,8,3/22/2019 17:25,NA,NA,NA,NA,NA,NA,16.52,1.4,18.7,6.95,4.4
341,YSI,9,3/22/2019 18:06,NA,NA,NA,NA,NA,NA,19.73,1.6,18.7,15.87,10.7
342,YSI,10,3/22/2019 18:23,NA,NA,NA,NA,NA,NA,16.48,1.4,18.8,18.15,12.3
343,YSI,1,4/5/2019 13:58,NA,NA,NA,NA,NA,NA,7.33,0.8,20,2.426,1.4
344,YSI,2,4/5/2019 15:05,NA,NA,NA,NA,NA,NA,8.01,1.5,20,27.7,19.1
345,YSI,3,4/5/2019 15:34,NA,NA,NA,NA,NA,NA,7.72,1.4,20.7,30.88,21.2
346,YSI,4,4/5/2019 15:58,NA,NA,NA,NA,NA,NA,8,1.3,20.8,32.63,22.4
347,YSI,5,4/5/2019 14:38,NA,NA,NA,NA,NA,NA,7.88,1.2,20,25.46,17.4
348,YSI,6,4/5/2019 14:14,NA,NA,NA,NA,NA,NA,7.46,1.2,20,2.544,1.5
349,YSI,7,4/5/2019 17:19,NA,NA,NA,NA,NA,NA,7.87,1.9,20.5,13.02,8.3
350,YSI,8,4/5/2019 16:59,NA,NA,NA,NA,NA,NA,7.9,1.6,20.9,14.88,9.5
351,YSI,9,4/5/2019 16:15,NA,NA,NA,NA,NA,NA,9.1,1.5,21.2,32.08,21.8
352,YSI,10,4/5/2019 16:37,NA,NA,NA,NA,NA,NA,8.3,1.4,20.9,29.89,20.3
353,YSI,1,4/22/2019 15:35,NA,NA,NA,NA,NA,NA,7.09,0.8,NA,19.45,12.5
354,YSI,2,4/22/2019 16:24,NA,NA,NA,NA,NA,NA,8.91,1.4,NA,26.87,18.1
355,YSI,3,4/22/2019 16:39,NA,NA,NA,NA,NA,NA,9.65,1.4,NA,26.64,17.7
356,YSI,4,4/22/2019 16:58,NA,NA,NA,NA,NA,NA,8.13,1.2,NA,28.23,18.9
357,YSI,5,4/22/2019 16:11,NA,NA,NA,NA,NA,NA,8.22,1.2,NA,28.36,19.3
358,YSI,6,4/22/2019 15:55,NA,NA,NA,NA,NA,NA,8.64,1.1,NA,26.27,17.5
359,YSI,7,4/22/2019 18:16,NA,NA,NA,NA,NA,NA,9.33,1.7,NA,19.08,11.9
360,YSI,8,4/22/2019 18:00,NA,NA,NA,NA,NA,NA,9.08,1.4,NA,7.8,4.5
361,YSI,9,4/22/2019 17:17,NA,NA,NA,NA,NA,NA,10.4,1.4,NA,24.49,14.9
362,YSI,10,4/22/2019 17:37,NA,NA,NA,NA,NA,NA,11.52,1.1,NA,14.97,9.4
363,LAKEWATCH,1,12/5/2018 11:50,62,860,14,0.609756098,50,1,NA,NA,NA,21,NA
364,LAKEWATCH,2,12/5/2018 13:00,73,890,7,0.914634146,56,1,NA,NA,NA,20,NA
365,LAKEWATCH,3,12/5/2018 13:20,100,850,15,0.762195122,39,1,NA,NA,NA,25,NA
366,LAKEWATCH,4,12/5/2018 10:40,146,1030,19,0.457317073,42,1,NA,NA,NA,24,NA
367,LAKEWATCH,5,12/5/2018 11:00,106,920,10,0.457317073,50,1,NA,NA,NA,22,NA
368,LAKEWATCH,6,12/5/2018 11:30,94,870,12,0.609756098,47,1,NA,NA,NA,22,NA
369,LAKEWATCH,1,1/3/2019 9:55,107,1000,4,0.609756098,265,4,NA,NA,NA,22.7,NA
370,LAKEWATCH,2,1/3/2019 10:45,48,570,5,1.067073171,63,4,NA,NA,NA,32,NA
371,LAKEWATCH,3,1/3/2019 11:35,40,550,7,1.219512195,53,4,NA,NA,NA,33,NA
372,LAKEWATCH,4,1/3/2019 9:10,64,760,7,0.853658537,91,4,NA,NA,NA,26,NA
373,LAKEWATCH,5,1/3/2019 9:25,62,780,6,1.067073171,124,4,NA,NA,NA,22,NA
374,LAKEWATCH,6,1/3/2019 9:40,95,1000,3,0.609756098,264,4,NA,NA,NA,30.4,NA
375,LAKEWATCH,1,2/1/2019 11:35,70,860,2,0.762195122,150,3,NA,NA,NA,35,NA
376,LAKEWATCH,2,2/1/2019 12:40,75,910,8,0.914634146,125,3,NA,NA,NA,12,NA
377,LAKEWATCH,3,2/1/2019 12:55,63,750,15,1.067073171,69,3,NA,NA,NA,26,NA
378,LAKEWATCH,4,2/1/2019 10:40,56,670,23,0.914634146,70,4,NA,NA,NA,28,NA
379,LAKEWATCH,5,2/1/2019 11:00,57,710,17,1.067073171,77,4,NA,NA,NA,25,NA
380,LAKEWATCH,6,2/1/2019 11:20,72,840,8,0.914634146,118,3,NA,NA,NA,14,NA
381,YSI,1,5/6/2019 15:57,NA,NA,NA,NA,NA,NA,4.74,1.2,25.8,19.14,11.6
382,YSI,2,5/6/2019 14:38,NA,NA,NA,NA,NA,NA,6.5,1.5,25.7,27.09,16.4
383,YSI,3,5/6/2019 13:29,NA,NA,NA,NA,NA,NA,5.04,1.1,25.8,33.22,20.4
384,YSI,4,5/6/2019 13:07,NA,NA,NA,NA,NA,NA,7.56,0.9,25.3,25.51,15.2
385,YSI,5,5/6/2019 16:22,NA,NA,NA,NA,NA,NA,5.6,1.7,26.1,31.57,19.2
386,YSI,6,5/6/2019 16:14,NA,NA,NA,NA,NA,NA,4.34,1.6,25.9,25.7,15.4
387,YSI,7,5/6/2019 15:33,NA,NA,NA,NA,NA,NA,3.72,1.4,25.7,17.29,10
388,YSI,8,5/6/2019 15:01,NA,NA,NA,NA,NA,NA,5.97,1.2,25.1,15.86,9.3
389,YSI,9,5/6/2019 13:50,NA,NA,NA,NA,NA,NA,5.43,1,25.3,29.36,18.2
390,YSI,10,5/6/2019 14:07,NA,NA,NA,NA,NA,NA,5.11,0.5,25.6,31.07,19.1
391,YSI,1,5/20/2019 13:03,NA,NA,NA,NA,NA,NA,9.14,0.7,26.3,0.79,0.4
392,YSI,2,5/20/2019 14:14,NA,NA,NA,NA,NA,NA,5.13,1.3,28.2,28.07,15.5
393,YSI,3,5/20/2019 14:45,NA,NA,NA,NA,NA,NA,5.24,1.3,28,35.5,19.7
394,YSI,4,5/20/2019 14:29,NA,NA,NA,NA,NA,NA,6.23,1,28.1,32.37,18.9
395,YSI,5,5/20/2019 13:55,NA,NA,NA,NA,NA,NA,3.53,1.1,28.2,34.02,19.9
396,YSI,6,5/20/2019 13:35,NA,NA,NA,NA,NA,NA,1.51,1,27.1,20.91,12.1
397,YSI,7,5/20/2019 16:02,NA,NA,NA,NA,NA,NA,3.83,1.5,27.7,21.14,12
398,YSI,8,5/20/2019 15:35,NA,NA,NA,NA,NA,NA,4.25,1.3,28.2,21.08,11.8
399,YSI,9,5/20/2019 15:01,NA,NA,NA,NA,NA,NA,5.38,1.2,27.9,30.35,17.7
400,YSI,10,5/20/2019 15:17,NA,NA,NA,NA,NA,NA,4.6,0.9,27.8,29.02,16.9
401,YSI,1,6/5/2019 18:14,NA,NA,NA,NA,NA,NA,9.04,2.1,30.8,26.2,14.2
402,YSI,2,6/5/2019 15:22,NA,NA,NA,NA,NA,NA,6.1,1.5,30.2,25.3,13.9
403,YSI,3,6/5/2019 15:01,NA,NA,NA,NA,NA,NA,6.6,1.5,30.3,25.46,13.9
404,YSI,4,6/5/2019 14:38,NA,NA,NA,NA,NA,NA,3.84,1.2,30.3,20.57,11
405,YSI,5,6/5/2019 15:48,NA,NA,NA,NA,NA,NA,3.5,1.7,30.1,30.5,17
406,YSI,6,6/5/2019 18:00,NA,NA,NA,NA,NA,NA,9.4,2.1,30.7,25.8,14
407,YSI,7,6/5/2019 16:23,NA,NA,NA,NA,NA,NA,4.3,1.7,29.7,9.92,5.1
408,YSI,8,6/5/2019 16:41,NA,NA,NA,NA,NA,NA,4.4,1.5,30.6,21,11.2
409,YSI,9,6/5/2019 17:05,NA,NA,NA,NA,NA,NA,5.4,1.8,30.3,27.1,14.9
410,YSI,10,6/5/2019 17:29,NA,NA,NA,NA,NA,NA,7.7,1.7,30.9,27.1,14.6
411,YSI,1,6/22/2019 14:59,NA,NA,NA,NA,NA,NA,6.67,1.1,28.3,1.01,0.5
412,YSI,2,6/22/2019 16:32,NA,NA,NA,NA,NA,NA,5.68,1.7,28.6,30.96,17.99
413,YSI,3,6/22/2019 17:10,NA,NA,NA,NA,NA,NA,5.75,1.7,28.7,38.14,22.4
414,YSI,4,6/22/2019 17:35,NA,NA,NA,NA,NA,NA,7.94,1.5,29.6,15.37,7.8
415,YSI,5,6/22/2019 16:15,NA,NA,NA,NA,NA,NA,7.46,1.5,29,10.79,5.6
416,YSI,6,6/22/2019 15:19,NA,NA,NA,NA,NA,NA,4.22,1.3,28.2,7.33,3.9
417,YSI,7,6/22/2019 15:00,NA,NA,NA,NA,NA,NA,6.8,1.8,29.7,5.01,2.4
418,YSI,8,6/22/2019 18:37,NA,NA,NA,NA,NA,NA,5.72,1.6,29.8,14.87,6.4
419,YSI,9,6/22/2019 18:00,NA,NA,NA,NA,NA,NA,8.18,1.6,30.4,20.44,10.9
420,YSI,10,6/22/2019 18:17,NA,NA,NA,NA,NA,NA,10,1.2,30.7,31.72,17.5
421,YSI,1,7/3/2019 16:15,NA,NA,NA,NA,NA,NA,5,1.5,30.6,40.62,23.1
422,YSI,2,7/3/2019 14:04,NA,NA,NA,NA,NA,NA,4.73,1.5,30,16.93,8.5
423,YSI,3,7/3/2019 14:55,NA,NA,NA,NA,NA,NA,3.6,1.6,30.3,36,20.3
425,YSI,4,7/3/2019 14:37,NA,NA,NA,NA,NA,NA,3.95,1.1,30.3,35.2,20
426,YSI,5,7/3/2019 14:22,NA,NA,NA,NA,NA,NA,3.7,1.5,30.4,36.95,20.9
427,YSI,6,7/3/2019 16:08,NA,NA,NA,NA,NA,NA,5,1.8,30.6,41.2,23.5
428,YSI,7,7/3/2019 13:08,NA,NA,NA,NA,NA,NA,2.13,1.2,29.9,13.75,7.3
429,YSI,8,7/3/2019 13:47,NA,NA,NA,NA,NA,NA,4.24,1,30,18.44,9.8
430,YSI,9,7/3/2019 15:11,NA,NA,NA,NA,NA,NA,6.4,1.4,30.4,26.6,14.5
434,YSI,10,7/3/2019 15:30,NA,NA,NA,NA,NA,NA,7.2,1.3,30.6,27.09,14.7
435,LAKEWATCH,1,3/8/2019 17:10,87,1080,7,1.219512195,80,NA,NA,NA,NA,11,NA
436,LAKEWATCH,2,3/8/2019 15:20,44,660,8,1.524390244,42,1,NA,NA,NA,28,NA
437,LAKEWATCH,3,3/8/2019 18:20,47,740,15,1.524390244,37,NA,NA,NA,NA,28,NA
438,LAKEWATCH,4,3/8/2019 18:05,49,730,17,1.219512195,33,NA,NA,NA,NA,27,NA
439,LAKEWATCH,5,3/8/2019 17:45,77,1000,25,1.37195122,52,NA,NA,NA,NA,23,NA
440,LAKEWATCH,6,3/8/2019 17:20,85,1080,10,1.219512195,74,NA,NA,NA,NA,12,NA
441,LAKEWATCH,1,4/5/2019 13:58,94,1460,4,0.609756098,60,NA,NA,NA,NA,17.6,NA
442,LAKEWATCH,2,4/5/2019 15:05,63,600,18,0.609756098,20,NA,NA,NA,NA,24,NA
443,LAKEWATCH,3,4/5/2019 15:34,104,700,21,0.609756098,21,NA,NA,NA,NA,32,NA
444,LAKEWATCH,4,4/5/2019 15:58,98,690,22,0.609756098,16,NA,NA,NA,NA,32,NA
445,LAKEWATCH,5,4/5/2019 14:38,80,690,12,0.609756098,28,NA,NA,NA,NA,27,NA
446,LAKEWATCH,6,4/5/2019 14:14,96,1170,5,0.762195122,57,NA,NA,NA,NA,23.6,NA
447,LAKEWATCH,1,5/6/2019 15:57,99,1660,25,0.548780488,23,NA,NA,NA,NA,5,NA
448,LAKEWATCH,2,5/6/2019 14:38,97,1440,44,0.609756098,20,NA,NA,NA,NA,8,NA
449,LAKEWATCH,3,5/6/2019 13:29,69,1030,15,0.762195122,20,NA,NA,NA,NA,22,NA
450,LAKEWATCH,4,5/6/2019 13:07,79,1080,23,0.609756098,21,NA,NA,NA,NA,19,NA
451,LAKEWATCH,5,5/6/2019 16:22,95,1390,36,0.365853659,23,NA,NA,NA,NA,10,NA
452,LAKEWATCH,6,5/6/2019 16:14,107,1080,45,0.701219512,14,NA,NA,NA,NA,10,NA
453,LAKEWATCH,1,6/5/2019 18:14,70,830,32,1.219512195,16,NA,NA,NA,NA,21,NA
454,LAKEWATCH,2,6/5/2019 15:22,78,900,29,0.762195122,17,NA,NA,NA,NA,22,NA
455,LAKEWATCH,3,6/5/2019 15:01,88,930,19,0.914634146,19,NA,NA,NA,NA,21,NA
456,LAKEWATCH,4,6/5/2019 14:38,83,970,17,0.914634146,20,NA,NA,NA,NA,21,NA
457,LAKEWATCH,5,6/5/2019 15:48,78,910,29,0.762195122,16,NA,NA,NA,NA,21,NA
458,LAKEWATCH,6,6/5/2019 18:00,69,890,19,0.609756098,15,NA,NA,NA,NA,21,NA
459,YSI,1,7/17/2019 13:14,NA,NA,NA,NA,NA,NA,1.04,1,30.4,19.7,8.4
460,YSI,2,7/17/2019 14:03,NA,NA,NA,NA,NA,NA,3.02,1.5,32.1,38.95,21.3
461,YSI,3,7/17/2019 14:19,NA,NA,NA,NA,NA,NA,4.72,1.4,31.5,39.55,22
462,YSI,4,7/17/2019 14:35,NA,NA,NA,NA,NA,NA,5.54,1.3,31.9,41.7,23.1
463,YSI,5,7/17/2019 13:48,NA,NA,NA,NA,NA,NA,2.57,1.3,32.4,40.33,22.3
464,YSI,6,7/17/2019 13:30,NA,NA,NA,NA,NA,NA,0.83,1.3,31.4,33.72,18.5
465,YSI,7,7/17/2019 15:57,NA,NA,NA,NA,NA,NA,1.67,1.9,31.8,31.82,17.2
466,YSI,8,7/17/2019 15:34,NA,NA,NA,NA,NA,NA,4.7,1.3,32,34.85,19.8
467,YSI,9,7/17/2019 14:50,NA,NA,NA,NA,NA,NA,4.75,1.3,31.7,39.9,22.1
468,YSI,10,7/17/2019 15:12,NA,NA,NA,NA,NA,NA,4.38,1.2,31.7,39.05,21.6
469,YSI,1,8/6/2019 16:02,NA,NA,NA,NA,NA,NA,4.77,0.8,28.9,7.47,3.8
470,YSI,2,8/6/2019 16:57,NA,NA,NA,NA,NA,NA,3.75,1.2,30,19.38,10.8
471,YSI,3,8/6/2019 18:31,NA,NA,NA,NA,NA,NA,7.94,1.3,31.3,29.52,16
472,YSI,4,8/6/2019 18:47,NA,NA,NA,NA,NA,NA,9.52,1,31.7,29.33,16.1
473,YSI,5,8/6/2019 16:42,NA,NA,NA,NA,NA,NA,4.48,1,30.1,16.84,8.9
474,YSI,6,8/6/2019 16:23,NA,NA,NA,NA,NA,NA,4.69,1,29,7.17,3.6
475,YSI,7,8/6/2019 16:30,NA,NA,NA,NA,NA,NA,3.65,1.2,29.6,8.08,4.1
476,YSI,8,8/6/2019 18:13,NA,NA,NA,NA,NA,NA,4.2,0.9,30.9,17.88,9.3
477,YSI,9,8/6/2019 19:20,NA,NA,NA,NA,NA,NA,6.5,1.2,31.2,29.45,16
478,YSI,10,8/6/2019 19:40,NA,NA,NA,NA,NA,NA,5.86,1.2,31.3,30.7,16.7
479,YSI,1,8/20/2019 15:10,NA,NA,NA,NA,NA,NA,5.1,0.7,25.5,0.28,0.1
480,YSI,2,8/20/2019 16:09,NA,NA,NA,NA,NA,NA,4.26,1.2,26.6,3.47,1.9
481,YSI,3,8/20/2019 17:40,NA,NA,NA,NA,NA,NA,4.67,1.4,27.1,29.55,17.5
482,YSI,4,8/20/2019 17:57,NA,NA,NA,NA,NA,NA,5.4,13,27.6,31.61,18.6
483,YSI,5,8/20/2019 15:55,NA,NA,NA,NA,NA,NA,2.98,1.1,26.5,2.29,1.4
484,YSI,6,8/20/2019 15:28,NA,NA,NA,NA,NA,NA,5.49,1,26.9,0.307,0.1
485,YSI,7,8/20/2019 16:28,NA,NA,NA,NA,NA,NA,4.16,1.2,26.2,0.282,0.1
486,YSI,8,8/20/2019 16:40,NA,NA,NA,NA,NA,NA,4.29,1,27,1.127,0.5
487,YSI,9,8/20/2019 18:22,NA,NA,NA,NA,NA,NA,4.64,1.4,27.2,29.71,17.5
488,YSI,10,8/20/2019 18:42,NA,NA,NA,NA,NA,NA,4.38,1.1,28.5,17.01,9.2
489,YSI,11,8/20/2019 19:02,NA,NA,NA,NA,NA,NA,6.91,1.3,29.7,32.98,18.7
490,YSI,21,4/17/2019 15:05,NA,NA,NA,NA,NA,NA,6.92,0.9,21.9,37.65,25.6
491,YSI,22,4/17/2019 13:36,NA,NA,NA,NA,NA,NA,6.96,0.6,22.9,31.05,20.2
492,YSI,1,9/9/2019 20:34,NA,NA,NA,NA,NA,NA,4.97,0.8,30.1,14.04,7.3
493,YSI,2,9/9/2019 21:33,NA,NA,NA,NA,NA,NA,4.26,1.1,30.8,36.92,20.7
494,YSI,3,9/9/2019 22:36,NA,NA,NA,NA,NA,NA,7.14,1,20.1,35.14,20.1
495,YSI,4,9/9/2019 22:19,NA,NA,NA,NA,NA,NA,6.77,0.6,8.1,26.72,13.9
496,YSI,5,9/9/2019 21:21,NA,NA,NA,NA,NA,NA,5.26,1,31.7,28.63,15.3
497,YSI,6,9/9/2019 21:00,NA,NA,NA,NA,NA,NA,4.49,1,30.2,1233,6.3
498,YSI,7,9/9/2019 23:22,NA,NA,NA,NA,NA,NA,1.99,1,30.8,32.94,18.2
499,YSI,8,9/9/2019 23:09,NA,NA,NA,NA,NA,NA,1.33,0.8,32,27.34,14.5
500,YSI,9,9/9/2019 23:11,NA,NA,NA,NA,NA,NA,11,0.7,34.1,21.93,11.7
501,YSI,1,10/1/2019 14:26,NA,NA,NA,NA,NA,NA,6.37,0.5,27.1,1.787,0.9
502,YSI,2,10/1/2019 16:02,NA,NA,NA,NA,NA,NA,5.42,1.4,28.4,32.65,18.9
503,YSI,3,10/1/2019 16:27,NA,NA,NA,NA,NA,NA,6.52,1.4,28.7,38.36,22.5
504,YSI,4,10/1/2019 16:40,NA,NA,NA,NA,NA,NA,7.45,1,28.7,39.01,22.9
505,YSI,5,10/1/2019 15:35,NA,NA,NA,NA,NA,NA,4.84,1,28.1,28.74,16.6
506,YSI,6,10/1/2019 14:51,NA,NA,NA,NA,NA,NA,6.41,0.8,27.4,2.609,1.3
507,YSI,7,10/1/2019 18:39,NA,NA,NA,NA,NA,NA,6.06,1.7,29,54.6,13.8
508,YSI,8,10/1/2019 18:17,NA,NA,NA,NA,NA,NA,4.17,1.6,28.6,29.3,16.8
509,YSI,9,10/1/2019 17:55,NA,NA,NA,NA,NA,NA,7.35,1.8,28.9,40.99,24.2
510,YSI,10,10/1/2019 17:37,NA,NA,NA,NA,NA,NA,6.14,0.9,28.8,37.54,22
511,YSI,1,10/15/2019 13:57,NA,NA,NA,NA,NA,NA,5.01,0.8,25.7,14.74,8.4
512,YSI,2,10/15/2019 14:53,NA,NA,NA,NA,NA,NA,4.68,1.7,26.9,35.97,21.4
513,YSI,3,10/15/2019 16:18,NA,NA,NA,NA,NA,NA,5.62,2,27.4,45.9,28.2
514,YSI,4,10/15/2019 14:20,NA,NA,NA,NA,NA,NA,5.6,1.7,27.3,46.4,28.7
515,YSI,5,10/15/2019 14:30,NA,NA,NA,NA,NA,NA,4.44,1.4,26.7,33.76,20.4
516,YSI,6,10/15/2019 14:09,NA,NA,NA,NA,NA,NA,5.02,1.2,25.8,16.78,9.7
517,YSI,7,10/15/2019 15:19,NA,NA,NA,NA,NA,NA,3.91,1.6,26,20.52,11.9
518,YSI,8,10/15/2019 15:36,NA,NA,NA,NA,NA,NA,4.3,1.4,26.6,29.78,17.6
519,YSI,9,10/15/2019 15:54,NA,NA,NA,NA,NA,NA,5.48,1.8,27.1,40.36,24.6
520,YSI,10,10/15/2019 17:06,NA,NA,NA,NA,NA,NA,5.93,1.5,27.4,43.27,26.4
521,LAKEWATCH,1,7/3/2019 16:15,77,1060,19,0.762195122,26,1,NA,NA,NA,20,
522,LAKEWATCH,2,7/3/2019 14:04,89,1210,9,0.762195122,32,1,NA,NA,NA,14,
523,LAKEWATCH,3,7/3/2019 14:55,104,1130,27,0.609756098,37,1,NA,NA,NA,22,
524,LAKEWATCH,4,7/3/2019 14:36,95,1050,23,0.701219512,30,1,NA,NA,NA,21,
525,LAKEWATCH,5,7/3/2019 14:21,86,1260,11,0.609756098,28,1,NA,NA,NA,14,
526,LAKEWATCH,6,7/3/2019 16:00,83,1080,20,0.762195122,26,1,NA,NA,NA,20,
527,LAKEWATCH,1,8/6/2019 16:02,118,1460,9,0.457317073,130,4,NA,NA,NA,6,NA
528,LAKEWATCH,2,8/6/2019 16:57,128,1220,6,0.914634146,97,4,NA,NA,NA,13,NA
529,LAKEWATCH,3,8/6/2019 18:31,132,1100,74,0.365853659,58,4,NA,NA,NA,24,NA
530,LAKEWATCH,4,8/6/2019 18:47,152,1050,82,0.304878049,54,4,NA,NA,NA,24,NA
531,LAKEWATCH,5,8/6/2019 16:42,123,1230,5,0.914634146,106,4,NA,NA,NA,13,NA
532,LAKEWATCH,6,8/6/2019 16:23,123,1430,9,0.609756098,147,4,NA,NA,NA,6,NA
533,LAKEWATCH,1,9/9/2019 20:34,120,1400,6,0.609756098,96,4,NA,NA,NA,11,NA
534,LAKEWATCH,2,9/9/2019 21:33,111,1040,15,0.609756098,77,4,NA,NA,NA,18,NA
535,LAKEWATCH,3,9/9/2019 22:36,135,1060,10,0.701219512,69,4,NA,NA,NA,21,NA
536,LAKEWATCH,4,9/9/2019 22:19,127,970,6,1.524390244,59,3,NA,NA,NA,25,NA
537,LAKEWATCH,5,9/9/2019 21:21,102,1070,19,0.914634146,68,4,NA,NA,NA,22,NA
538,LAKEWATCH,6,9/9/2019 21:00,131,1470,22,0.457317073,96,4,NA,NA,NA,11,NA
539,YSI,1,11/4/2019 20:20,NA,NA,NA,NA,NA,NA,4.63,0.9,22.5,31.85,20.8
540,YSI,2,11/4/2019 17:49,NA,NA,NA,NA,NA,NA,8.09,1.3,21.2,27.31,18.3
541,YSI,3,11/4/2019 18:53,NA,NA,NA,NA,NA,NA,7.68,1.2,22.3,37.76,24.8
542,YSI,4,11/4/2019 18:36,NA,NA,NA,NA,NA,NA,7.08,0.9,22.2,36.8,24.8
543,YSI,5,11/4/2019 18:16,NA,NA,NA,NA,NA,NA,6.04,1.2,21.9,36.31,24.8
544,YSI,6,11/4/2019 20:02,NA,NA,NA,NA,NA,NA,7.99,1.2,21.9,32.98,24.6
545,YSI,7,11/4/2019 17:17,NA,NA,NA,NA,NA,NA,5.72,1.1,21.6,19.62,22.1
546,YSI,8,11/4/2019 17:34,NA,NA,NA,NA,NA,NA,5.87,0.9,20.7,24.29,12.6
547,YSI,9,11/4/2019 19:13,NA,NA,NA,NA,NA,NA,6.28,1.2,22,35.92,23
548,YSI,10,11/4/2019 19:35,NA,NA,NA,NA,NA,NA,9.02,0.9,22.1,29.43,19.4
549,YSI,1,11/18/2019 20:11,NA,NA,NA,NA,NA,NA,7.5,1.2,17.5,23.38,16.8
550,YSI,2,11/18/2019 17:36,NA,NA,NA,NA,NA,NA,9.01,1.2,15.7,17.07,12.4
551,YSI,3,11/18/2019 18:25,NA,NA,NA,NA,NA,NA,8.64,1.2,16,26.99,20.4
552,YSI,4,11/18/2019 18:09,NA,NA,NA,NA,NA,NA,9.07,0.9,16.4,25.3,18.8
553,YSI,5,11/18/2019 17:49,NA,NA,NA,NA,NA,NA,8.45,1.1,15.5,22.97,17.3
554,YSI,6,11/18/2019 19:48,NA,NA,NA,NA,NA,NA,7.92,1.3,17.4,21.98,15.8
555,YSI,7,11/18/2019 17:00,NA,NA,NA,NA,NA,NA,8.04,1,15.4,11.85,8.5
556,YSI,8,11/18/2019 17:15,NA,NA,NA,NA,NA,NA,9.1,0.8,16.1,18.5,13.5
557,YSI,9,11/18/2019 18:40,NA,NA,NA,NA,NA,NA,8.47,1.2,16.5,23.89,17.6
558,YSI,10,11/18/2019 18:54,NA,NA,NA,NA,NA,NA,9.46,0.5,16.5,22.65,16.6
559,YSI,1,12/5/2019 19:49,NA,NA,NA,NA,NA,NA,8.45,0.7,17.8,16.17,11.2
560,YSI,2,12/5/2019 20:36,NA,NA,NA,NA,NA,NA,9.59,1.2,16.3,26.77,19.9
561,YSI,3,12/5/2019 21:31,NA,NA,NA,NA,NA,NA,10.8,1.2,16.8,24.51,18
562,YSI,4,12/5/2019 21:08,NA,NA,NA,NA,NA,NA,17.44,0.9,17.1,29.1,20.1
563,YSI,5,12/5/2019 20:51,NA,NA,NA,NA,NA,NA,10.03,1.1,16.6,22.4,16.3
564,YSI,6,12/5/2019 22:31,NA,NA,NA,NA,NA,NA,8.96,1.2,17,29.49,22
565,YSI,7,12/5/2019 20:06,NA,NA,NA,NA,NA,NA,8.81,1.1,17.3,23.26,16.8
566,YSI,8,12/5/2019 20:20,NA,NA,NA,NA,NA,NA,7.94,0.8,17.8,23.97,17.1
567,YSI,9,12/5/2019 21:45,NA,NA,NA,NA,NA,NA,10.22,1.2,16.6,24.18,17.8
568,YSI,10,12/5/2019 21:58,NA,NA,NA,NA,NA,NA,10.4,0.7,15.9,19.47,14.3
569,YSI,1,1/3/2020 16:38,NA,NA,NA,NA,NA,NA,7.18,1,18.7,22.91,15.8
570,YSI,2,1/3/2020 18:52,NA,NA,NA,NA,NA,NA,8.41,1.5,19,32.73,23.5
571,YSI,3,1/3/2020 18:16,NA,NA,NA,NA,NA,NA,7.89,1.4,18.8,32.93,23.8
572,YSI,4,1/3/2020 18:00,NA,NA,NA,NA,NA,NA,8.2,1,18.8,32.36,23.3
573,YSI,5,1/3/2020 17:11,NA,NA,NA,NA,NA,NA,8.2,1.5,18.6,32.77,23.7
576,YSI,6,1/3/2020 16:18,NA,NA,NA,NA,NA,NA,7.2,1.4,18.7,25.83,18.1
577,YSI,7,1/3/2020 19:39,NA,NA,NA,NA,NA,NA,7.27,1.5,19.8,22.53,14.9
578,YSI,8,1/3/2020 19:15,NA,NA,NA,NA,NA,NA,7.66,1,19.5,30.54,21.5
590,YSI,9,1/3/2020 18:31,NA,NA,NA,NA,NA,NA,7.8,1.2,19.1,31.07,22.3
591,YSI,10,1/3/2020 17:40,NA,NA,NA,NA,NA,NA,7.8,1.2,19.6,28.19,19.6
592,YSI,1,1/16/2020 18:26,NA,NA,NA,NA,NA,NA,5.41,0.7,22,6.93,4.1
593,YSI,2,1/16/2020 17:03,NA,NA,NA,NA,NA,NA,5.2,0.9,22.6,20.93,13.2
594,YSI,3,1/16/2020 19:21,NA,NA,NA,NA,NA,NA,6.38,1.3,23.3,37.92,22.9
595,YSI,4,1/16/2020 17:39,NA,NA,NA,NA,NA,NA,7.16,1.1,23.3,35.67,23.4
596,YSI,5,1/16/2020 15:24,NA,NA,NA,NA,NA,NA,4.96,0.9,22.5,19.01,11.8
597,YSI,6,1/16/2020 15:47,NA,NA,NA,NA,NA,NA,4.88,0.8,21.2,3.193,1.3
598,YSI,7,1/16/2020 18:49,NA,NA,NA,NA,NA,NA,3.84,1.1,22.2,25.66,16.3
599,YSI,8,1/16/2020 19:03,NA,NA,NA,NA,NA,NA,5.2,0,25.4,18.16,11.1
600,YSI,9,1/16/2020 19:56,NA,NA,NA,NA,NA,NA,5.46,1.4,23.4,30.94,19.9
601,YSI,10,1/16/2020 20:11,NA,NA,NA,NA,NA,NA,5.48,0.8,23.5,30.57,19.6
602,YSI,1,2/4/2020 14:47,NA,NA,NA,NA,NA,NA,8.52,1.1,15.3,15.5,11.4
603,YSI,2,2/4/2020 18:08,NA,NA,NA,NA,NA,NA,9.65,1.4,15.7,25.98,19.7
604,YSI,3,2/4/2020 16:14,NA,NA,NA,NA,NA,NA,8.47,1.7,15.2,27.09,20.9
605,YSI,4,2/4/2020 15:53,NA,NA,NA,NA,NA,NA,8.61,1.4,15.2,27.67,21.42
606,YSI,5,2/4/2020 15:30,NA,NA,NA,NA,NA,NA,11.34,1.6,15.1,25.41,19.6
607,YSI,6,2/4/2020 15:06,NA,NA,NA,NA,NA,NA,7.04,1.4,15.9,21.95,16.3
608,YSI,7,2/4/2020 18:31,NA,NA,NA,NA,NA,NA,7.5,1.3,16,18.23,13.7
609,YSI,8,2/4/2020 17:49,NA,NA,NA,NA,NA,NA,7.73,1.1,16.1,19.99,14.6
610,YSI,9,2/4/2020 17:30,NA,NA,NA,NA,NA,NA,9.26,1.4,15.2,26.91,20.9
611,YSI,10,2/4/2020 17:09,NA,NA,NA,NA,NA,NA,8.82,1.1,15.6,23.52,17.7
612,YSI,1,2/18/2020 18:14,NA,NA,NA,NA,NA,NA,5.19,1.2,18.8,30.84,22
613,YSI,2,2/18/2020 18:47,NA,NA,NA,NA,NA,NA,7.04,1.6,20.6,37.04,25.9
614,YSI,3,2/18/2020 19:51,NA,NA,NA,NA,NA,NA,7.08,1.5,20.2,38.62,27.4
615,YSI,4,2/18/2020 19:31,NA,NA,NA,NA,NA,NA,7.11,1.2,20,38.44,27.4
616,YSI,5,2/18/2020 19:09,NA,NA,NA,NA,NA,NA,6.87,1.5,19.9,36.76,16.1
617,YSI,6,2/18/2020 18:43,NA,NA,NA,NA,NA,NA,5.42,1.4,19.4,23.98,17.6
618,YSI,7,2/18/2020 21:44,NA,NA,NA,NA,NA,NA,5.15,NA,20.8,27.21,20
619,YSI,8,2/18/2020 21:30,NA,NA,NA,NA,NA,NA,6.2,1.1,21.1,31.85,21.6
620,YSI,9,2/18/2020 20:25,NA,NA,NA,NA,NA,NA,6.78,1.4,20.6,37.86,26.4
621,YSI,10,2/18/2020 20:40,NA,NA,NA,NA,NA,NA,6.46,0.9,22.1,35.02,23.5
622,YSI,1,3/3/2020 17:08,NA,NA,NA,NA,NA,NA,7,1.2,17.7,22.4,15.8
623,YSI,2,3/3/2020 17:30,NA,NA,NA,NA,NA,NA,9,1.6,18,32.07,23.5
624,YSI,3,3/4/2020 17:43,NA,NA,NA,NA,NA,NA,9,1.5,20.4,33.38,23.2
625,YSI,4,3/4/2020 17:59,NA,NA,NA,NA,NA,NA,9,1.4,19.1,33.37,23.9
626,YSI,5,3/3/2020 17:28,NA,NA,NA,NA,NA,NA,9,1.6,17.7,31.99,23.6
627,YSI,6,3/3/2020 21:16,NA,NA,NA,NA,NA,NA,7,1.2,17.6,25.7,13.6
628,YSI,7,3/4/2020 21:02,NA,NA,NA,NA,NA,NA,8,1.6,20.2,28.15,19.3
629,YSI,8,3/3/2020 18:41,NA,NA,NA,NA,NA,NA,8,1.4,21,29.46,19.9
630,YSI,9,3/4/2020 20:18,NA,NA,NA,NA,NA,NA,9,1.8,19.5,32.61,23.1
631,YSI,10,3/4/2020 19:54,NA,NA,NA,NA,NA,NA,7,1.5,20.6,30.52,20.9
632,YSI,1,1/15/2019 17:42,NA,NA,NA,NA,NA,NA,NA,0.7,NA,NA,NA
633,YSI,2,1/15/2019 20:06,NA,NA,NA,NA,NA,NA,NA,1.1,NA,NA,NA
634,YSI,3,1/15/2019 18:57,NA,NA,NA,NA,NA,NA,NA,1.1,NA,NA,NA
635,YSI,4,1/15/2019 18:32,NA,NA,NA,NA,NA,NA,NA,0.8,NA,NA,NA
636,YSI,5,1/15/2019 18:15,NA,NA,NA,NA,NA,NA,NA,1.1,NA,NA,NA
637,YSI,6,1/15/2019 17:54,NA,NA,NA,NA,NA,NA,NA,1,NA,NA,NA
638,YSI,7,1/15/2019 20:44,NA,NA,NA,NA,NA,NA,NA,1.1,NA,NA,NA
639,YSI,8,1/15/2019 20:22,NA,NA,NA,NA,NA,NA,NA,0.9,NA,NA,NA
640,YSI,9,1/15/2019 19:14,NA,NA,NA,NA,NA,NA,NA,0.8,NA,NA,NA
641,YSI,1,3/17/2020 15:12,NA,NA,NA,NA,NA,NA,NA,1.3,21.6,2.561,4.4
642,YSI,2,3/17/2020 15:30,NA,NA,NA,NA,NA,NA,NA,1.6,23.2,35.28,23.2
643,YSI,3,3/17/2020 16:21,NA,NA,NA,NA,NA,NA,NA,1.5,23.1,38.89,25.8
644,YSI,4,3/17/2020 16:04,NA,NA,NA,NA,NA,NA,NA,1.3,23,38.62,25.6
645,YSI,5,3/17/2020 15:38,NA,NA,NA,NA,NA,NA,NA,1.6,22.8,22,14.2
646,YSI,6,3/17/2020 14:57,NA,NA,NA,NA,NA,NA,NA,1.6,21,2.219,1.2
647,YSI,7,3/17/2020 18:26,NA,NA,NA,NA,NA,NA,NA,1.4,22,17.4,11.3
648,YSI,8,3/17/2020 18:13,NA,NA,NA,NA,NA,NA,NA,1.2,23.4,28.61,18.3
649,YSI,9,3/17/2020 16:30,NA,NA,NA,NA,NA,NA,NA,1.6,22.7,37.75,25.2
650,YSI,10,3/17/2020 16:56,NA,NA,NA,NA,NA,NA,NA,1.1,24.6,27.22,16.9
651,LAKEWATCH,1,10/1/2019 14:26,76,1740,7,0.548780488,28,NA,NA,NA,NA,1.272,NA
652,LAKEWATCH,2,10/1/2019 16:02,113,890,24,0.762195122,33,NA,NA,NA,NA,25,NA
653,LAKEWATCH,3,10/1/2019 16:27,139,910,48,0.701219512,30,NA,NA,NA,NA,29,NA
654,LAKEWATCH,4,10/1/2019 16:40,145,870,58,0.853658537,33,NA,NA,NA,NA,33,NA
655,LAKEWATCH,5,10/1/2019 15:35,117,920,24,0.762195122,34,NA,NA,NA,NA,21,NA
656,LAKEWATCH,6,10/1/2019 14:51,68,1120,7,0.762195122,27,NA,NA,NA,NA,1.433,NA
657,LAKEWATCH,1,11/4/2019 20:20,70,1510,11,0.914634146,14,NA,NA,NA,NA,12,NA
658,LAKEWATCH,2,11/4/2019 17:49,58,910,15,1.067073171,16,NA,NA,NA,NA,23,NA
659,LAKEWATCH,3,11/4/2019 18:53,69,900,14,1.219512195,20,NA,NA,NA,NA,24,NA
660,LAKEWATCH,4,11/4/2019 18:36,83,980,16,0.914634146,20,NA,NA,NA,NA,25,NA
661,LAKEWATCH,5,11/4/2019 18:16,60,870,16,1.006097561,15,NA,NA,NA,NA,27,NA
662,LAKEWATCH,6,11/4/2019 20:02,68,1300,13,1.219512195,14,NA,NA,NA,NA,16,NA
663,LAKEWATCH,1,12/5/2019 19:49,49,1250,2,0.762195122,17,NA,NA,NA,NA,16,NA
664,LAKEWATCH,2,12/5/2019 20:36,36,660,9,1.067073171,15,NA,NA,NA,NA,26,NA
665,LAKEWATCH,3,12/5/2019 21:31,49,720,19,0.914634146,17,NA,NA,NA,NA,25,NA
666,LAKEWATCH,4,12/5/2019 21:08,32,650,10,0.914634146,16,NA,NA,NA,NA,25,NA
667,LAKEWATCH,5,12/5/2019 20:51,34,650,6,1.067073171,17,NA,NA,NA,NA,24,NA
668,LAKEWATCH,6,12/5/2019 22:31,83,950,25,1.067073171,15,NA,NA,NA,NA,31,NA
669,LAKEWATCH,1,1/3/2020 16:38,78,960,4,1.067073171,28,NA,NA,NA,NA,14,NA
670,LAKEWATCH,2,1/3/2020 18:52,33,530,7,1.524390244,8,NA,NA,NA,NA,35,NA
671,LAKEWATCH,3,1/3/2020 18:16,36,540,7,1.37195122,7,NA,NA,NA,NA,36,NA
672,LAKEWATCH,4,1/3/2020 18:00,35,520,7,0.914634146,8,NA,NA,NA,NA,34,NA
673,LAKEWATCH,5,1/3/2020 17:11,29,500,5,1.524390244,8,NA,NA,NA,NA,35,NA
674,LAKEWATCH,6,1/3/2020 16:18,81,1050,21,1.219512195,27,NA,NA,NA,NA,18,NA
675,LAKEWATCH,1,2/4/2020 14:47,101,1240,11,1.158536585,40,NA,NA,NA,NA,20,NA
676,LAKEWATCH,2,2/4/2020 18:08,53,730,10,1.463414634,28,NA,NA,NA,NA,30,NA
677,LAKEWATCH,3,2/4/2020 16:14,117,1450,11,1.676829268,30,NA,NA,NA,NA,31,NA
678,LAKEWATCH,4,2/4/2020 15:53,46,670,12,1.37195122,25,NA,NA,NA,NA,31,NA
679,LAKEWATCH,5,2/4/2020 15:30,47,720,8,1.615853659,28,NA,NA,NA,NA,30,NA
680,LAKEWATCH,6,2/4/2020 15:06,76,1050,12,1.463414634,38,NA,NA,NA,NA,22,NA
681,YSI,1,7/15/2020 18:50,NA,NA,NA,NA,NA,NA,5.45,0.3,30,1.2,0.01
682,YSI,2,7/15/2020 17:50,NA,NA,NA,NA,NA,NA,5.84,0.8,31,3.7,1.95
683,YSI,3,7/15/2020 16:18,NA,NA,NA,NA,NA,NA,4.4,1,31,18.9,12.21
684,YSI,4,7/15/2020 17:00,NA,NA,NA,NA,NA,NA,7.57,0.7,31.8,7.6,4.18
685,YSI,5,7/15/2020 19:45,NA,NA,NA,NA,NA,NA,5.8,0.9,31.8,6,3.23
686,YSI,6,7/15/2020 19:25,NA,NA,NA,NA,NA,NA,5.72,0.4,30.4,0.28,0.13
687,YSI,7,7/15/2020 17:30,NA,NA,NA,NA,NA,NA,5.57,0.5,32.1,2.39,1.21
688,YSI,8,7/15/2020 17:20,NA,NA,NA,NA,NA,NA,6.59,0.6,33.1,4.1,2.15
689,YSI,9,7/15/2020 16:13,NA,NA,NA,NA,NA,NA,6.87,0.7,31.4,8,4.42
690,YSI,1,7/29/2020 18:45,NA,NA,NA,NA,NA,NA,5.21,0.76,27.8,1.2,0.61
691,YSI,2,7/29/2020 19:50,NA,NA,NA,NA,NA,NA,3.55,0.91,30,22.7,13.51
692,YSI,3,7/29/2020 20:34,NA,NA,NA,NA,NA,NA,7.02,0.76,30.2,24.1,14.57
693,YSI,4,7/29/2020 20:54,NA,NA,NA,NA,NA,NA,7.31,0.46,30.2,24.8,15.04
694,YSI,5,7/29/2020 19:29,NA,NA,NA,NA,NA,NA,5.46,0.91,29.8,19.2,11.34
695,YSI,6,7/29/2020 19:06,NA,NA,NA,NA,NA,NA,5.34,0.91,27.7,1,0.49
696,YSI,7,7/29/2020 18:31,NA,NA,NA,NA,NA,NA,5.03,1.07,29,5.9,3.23
697,YSI,8,7/29/2020 20:12,NA,NA,NA,NA,NA,NA,5.09,0.61,29.9,16.3,9.53
698,YSI,9,7/29/2020 18:12,NA,NA,NA,NA,NA,NA,6.77,1.22,30,26.4,16.1
699,YSI,10,7/29/2020 17:29,NA,NA,NA,NA,NA,NA,5.37,0.76,30.4,26.5,16.08
700,YSI,1,8/14/2020 20:23,NA,NA,NA,NA,NA,NA,5.13,0.98,31.4,NA,14.1
701,YSI,2,8/14/2020 20:41,NA,NA,NA,NA,NA,NA,2.48,1.22,32.9,NA,21.81
702,YSI,3,8/14/2020 20:54,NA,NA,NA,NA,NA,NA,5.15,1.07,33,NA,24.27
703,YSI,4,8/14/2020 20:05,NA,NA,NA,NA,NA,NA,5.71,0.76,33.6,NA,22.2
704,YSI,5,8/14/2020 19:41,NA,NA,NA,NA,NA,NA,7.96,1.22,32.5,NA,18.08
705,YSI,6,8/14/2020 18:50,NA,NA,NA,NA,NA,NA,4.96,1.22,31.2,NA,10.73
706,YSI,7,8/14/2020 18:20,NA,NA,NA,NA,NA,NA,6.16,1.52,31.2,NA,12.45
707,YSI,8,8/14/2020 17:59,NA,NA,NA,NA,NA,NA,3.43,1.37,32.7,NA,16.45
708,YSI,9,8/14/2020 17:27,NA,NA,NA,NA,NA,NA,5.43,1.58,32.4,NA,24.97
709,YSI,10,8/14/2020 17:29,NA,NA,NA,NA,NA,NA,4.75,1.22,31.8,NA,19.33
710,YSI,1,8/27/2020 18:47,NA,NA,NA,NA,NA,NA,4.89,0.91,29.8,24.1,14.53
711,YSI,2,8/27/2020 19:50,NA,NA,NA,NA,NA,NA,9.43,1.3,32.5,36.5,22.91
712,YSI,3,8/27/2020 20:12,NA,NA,NA,NA,NA,NA,7.06,1.21,31.4,38.7,24.48
713,YSI,4,8/27/2020 20:31,NA,NA,NA,NA,NA,NA,7.26,0.76,31.9,39.2,24.79
714,YSI,5,8/27/2020 20:54,NA,NA,NA,NA,NA,NA,8.23,0.76,32,36.3,22.78
715,YSI,6,8/27/2020 19:04,NA,NA,NA,NA,NA,NA,4.66,0.76,31.1,18.9,10.99
716,YSI,7,8/27/2020 18:31,NA,NA,NA,NA,NA,NA,5.33,1.29,31.1,26.4,16.04
717,YSI,8,8/27/2020 18:04,NA,NA,NA,NA,NA,NA,5.76,1.21,31.9,33.7,20.95
718,YSI,9,8/27/2020 17:35,NA,NA,NA,NA,NA,NA,6.53,1.37,31.1,39.8,25.41
719,YSI,10,8/27/2020 16:58,NA,NA,NA,NA,NA,NA,4.59,1.21,31.5,34.8,21.72
720,YSI,1,9/23/2020 15:40,NA,NA,NA,NA,NA,NA,5.97,0.84,25,7.5,4.14
721,YSI,2,9/23/2020 17:21,NA,NA,NA,NA,NA,NA,7.38,1.3,25.9,26.5,16.08
722,YSI,3,9/23/2020 17:46,NA,NA,NA,NA,NA,NA,8.11,1.22,26.5,29.6,18.18
723,YSI,4,9/23/2020 18:08,NA,NA,NA,NA,NA,NA,10.4,0.91,26.5,29.4,18.12
724,YSI,5,9/23/2020 16:57,NA,NA,NA,NA,NA,NA,8,1.14,25.9,25.8,15.78
725,YSI,6,9/23/2020 16:14,NA,NA,NA,NA,NA,NA,5.41,1.07,25.5,6.7,3.66
726,YSI,7,9/23/2020 15:15,NA,NA,NA,NA,NA,NA,5.6,1.22,24.4,10.9,6.21
727,YSI,8,9/23/2020 14:54,NA,NA,NA,NA,NA,NA,6.13,1.07,24.9,29.4,18.23
728,YSI,9,9/23/2020 14:31,NA,NA,NA,NA,NA,NA,6.89,1.45,24.3,31.6,20.15
729,YSI,10,9/23/2020 14:02,NA,NA,NA,NA,NA,NA,5.75,1.22,23.8,25.7,15.69
730,YSI,7,9/11/2020 16:42,NA,NA,NA,NA,NA,NA,4.7,1.07,30.3,37.9,23.9
731,YSI,8,9/11/2020 16:09,NA,NA,NA,NA,NA,NA,4.79,0.91,30.5,33.4,21.05
732,YSI,9,9/11/2020 17:07,NA,NA,NA,NA,NA,NA,4.66,1.07,30.6,41.6,26.55
733,YSI,10,9/11/2020 15:30,NA,NA,NA,NA,NA,NA,4.58,0.84,29.8,31.6,19.59
734,YSI,1,10/6/2020 16:58,NA,NA,NA,NA,NA,NA,5.76,0.91,22.9,27.64,16.98
735,YSI,2,10/6/2020 19:34,NA,NA,NA,NA,NA,NA,9.07,1.98,25.4,32.24,20.25
736,YSI,3,10/6/2020 18:50,NA,NA,NA,NA,NA,NA,9.05,1.68,21.99,34.95,21.99
737,YSI,4,10/6/2020 18:00,NA,NA,NA,NA,NA,NA,9.07,1.22,21.34,34.024,21.34
738,YSI,5,10/6/2020 17:42,NA,NA,NA,NA,NA,NA,7.39,1.52,20.58,32.82,20.58
739,YSI,6,10/6/2020 17:25,NA,NA,NA,NA,NA,NA,5.81,1.37,18.09,29.35,18.09
740,YSI,7,10/6/2020 20:11,NA,NA,NA,NA,NA,NA,6.69,1.83,9.32,15.94,9.32
741,YSI,8,10/6/2020 19:50,NA,NA,NA,NA,NA,NA,7.21,1.52,17.73,28.66,17.73
742,YSI,9,10/6/2020 16:30,NA,NA,NA,NA,NA,NA,8.45,1.52,21.35,33.902,21.35
743,YSI,10,10/6/2020 17:10,NA,NA,NA,NA,NA,NA,8.54,1.22,20.6,33.05,20.6
744,YSI,1,10/21/2020 18:52,NA,NA,NA,NA,NA,NA,6.17,0.91,26.2,19.05,11.24
745,YSI,2,10/21/2020 18:13,NA,NA,NA,NA,NA,NA,7.3,1.3,26.1,32.33,20.18
746,YSI,3,10/21/2020 15:52,NA,NA,NA,NA,NA,NA,6.58,0.91,25.5,33.43,20.92
747,YSI,4,10/21/2020 16:32,NA,NA,NA,NA,NA,NA,7.73,0.61,26,33.57,21.01
748,YSI,5,10/21/2020 16:49,NA,NA,NA,NA,NA,NA,6.52,0.99,26.1,28.17,17.58
749,YSI,6,10/21/2020 17:28,NA,NA,NA,NA,NA,NA,6.39,0.99,26,1.3,0.65
750,YSI,7,10/21/2020 15:23,NA,NA,NA,NA,NA,NA,5.14,0.84,24.9,11.06,6.28
751,YSI,8,10/21/2020 18:31,NA,NA,NA,NA,NA,NA,6.89,0.91,26.7,30.12,18.63
752,YSI,9,10/21/2020 16:12,NA,NA,NA,NA,NA,NA,8.09,0.84,25.8,35.29,22.21
753,YSI,10,10/21/2020 19:29,NA,NA,NA,NA,NA,NA,8.04,0.61,26.4,33.38,20.86
754,LAKEWATCH,1,7/15/2020 19:25,132,1420,2,0.457317073,215,NA,NA,NA,NA,9.33,NA
756,LAKEWATCH,3,7/15/2020 14:48,155,1630,22,0.457317073,145,NA,NA,NA,NA,7,NA
757,LAKEWATCH,4,7/15/2020 15:00,169,1550,23,0.457317073,158,NA,NA,NA,NA,8,NA
758,LAKEWATCH,5,7/15/2020 19:45,133,1440,6,0.396341463,188,NA,NA,NA,NA,5,NA
759,LAKEWATCH,6,7/15/2020 18:50,139,1280,3,0.457317073,219,NA,NA,NA,NA,4.34,NA
760,LAKEWATCH,1,8/14/2020 18:20,98,1070,16,0.762195122,68,NA,NA,NA,NA,15,NA
761,LAKEWATCH,2,8/14/2020 19:23,124,620,29,0.914634146,54,NA,NA,NA,NA,23,NA
762,LAKEWATCH,3,8/14/2020 19:41,91,520,27,0.914634146,43,NA,NA,NA,NA,26,NA
763,LAKEWATCH,4,8/14/2020 19:54,116,680,32,0.762195122,40,NA,NA,NA,NA,33,NA
764,LAKEWATCH,5,8/14/2020 19:05,104,670,40,0.853658537,55,NA,NA,NA,NA,27,NA
765,LAKEWATCH,6,8/14/2020 18:41,NA,NA,NA,0.914634146,NA,NA,NA,NA,NA,NA,NA
767,LAKEWATCH,1,9/23/2020 15:40,102,1260,5,0.762195122,132,NA,NA,NA,NA,NA,NA
768,LAKEWATCH,2,9/23/2020 17:21,68,670,24,1.067073171,63,NA,NA,NA,NA,NA,NA
769,LAKEWATCH,3,9/23/2020 17:46,43,450,25,0.914634146,39,NA,NA,NA,NA,NA,NA
770,LAKEWATCH,4,9/23/2020 18:08,59,600,22,0.914634146,45,NA,NA,NA,NA,NA,NA
771,LAKEWATCH,5,9/23/2020 16:57,76,860,22,1.067073171,57,NA,NA,NA,NA,NA,NA
772,LAKEWATCH,6,9/23/2020 16:14,130,1460,5,0.762195122,127,NA,NA,NA,NA,NA,NA
773,YSI,1,11/20/2020 9:54,NA,NA,NA,NA,NA,NA,12.38,1.06,19.2,26.12,16.02
774,YSI,2,11/20/2020 9:00,NA,NA,NA,NA,NA,NA,12.64,1.37,18.7,30.32,18.87
775,YSI,3,11/20/2020 19:51,NA,NA,NA,NA,NA,NA,13.43,1.21,19.3,28.86,17.86
776,YSI,4,11/20/2020 8:50,NA,NA,NA,NA,NA,NA,12.5,1.06,18.8,31.44,19.61
777,YSI,5,11/20/2020 21:11,NA,NA,NA,NA,NA,NA,13,1.37,18.7,39.16,18.07
778,YSI,6,11/20/2020 21:29,NA,NA,NA,NA,NA,NA,12.77,1.37,19.4,25.46,15.57
779,YSI,7,11/20/2020 19:03,NA,NA,NA,NA,NA,NA,8.4,0.91,20.7,3.85,2.06
780,YSI,8,11/18/2020 17:41,NA,NA,NA,NA,NA,NA,NA,NA,NA,NA,NA
781,YSI,9,11/20/2020 19:31,NA,NA,NA,NA,NA,NA,13.02,1.06,19,28.62,17.7
782,YSI,10,11/18/2020 19:11,NA,NA,NA,NA,NA,NA,NA,NA,NA,NA,NA
783,YSI,1,12/3/2020 20:37,NA,NA,NA,NA,NA,NA,10.81,1.06,15.5,30.14,18.75
784,YSI,2,12/3/2020 20:01,NA,NA,NA,NA,NA,NA,11.03,NA,14.5,34.9,22.02
785,YSI,3,12/3/2020 18:56,NA,NA,NA,NA,NA,NA,11.02,1.28,14.4,35.92,22.71
786,YSI,4,12/3/2020 19:10,NA,NA,NA,NA,NA,NA,11.25,1.03,14.5,36.78,23.31
787,YSI,5,12/3/2020 17:45,NA,NA,NA,NA,NA,NA,10.17,0.91,14.1,32.78,20.52
788,YSI,6,12/3/2020 18:03,NA,NA,NA,NA,NA,NA,9.43,0.97,15.6,26.515,16.28
789,YSI,8,12/3/2020 18:35,NA,NA,NA,NA,NA,NA,12.03,0.85,15.2,32.64,20.45
790,YSI,10,12/3/2020 19:35,NA,NA,NA,NA,NA,NA,11.5,1.12,14.3,35.72,22.57
791,YSI,2,12/13/2020 14:59,NA,NA,NA,NA,NA,NA,12.27,1.52,15.7,34.66,21.83
792,YSI,3,12/13/2020 15:14,NA,NA,NA,NA,NA,NA,11.61,1.37,15.8,36.52,23.15
793,YSI,4,12/13/2020 15:50,NA,NA,NA,NA,NA,NA,11.69,1.21,15.6,38.2,24.32
794,YSI,5,12/13/2020 16:17,NA,NA,NA,NA,NA,NA,14.1,1.8,15.6,33.74,21.21
795,YSI,6,12/13/2020 16:46,NA,NA,NA,NA,NA,NA,12.09,1.5,16,31.35,19.57
796,YSI,7,12/13/2020 14:42,NA,NA,NA,NA,NA,NA,7.85,1.21,16.2,9.214,5.3
797,YSI,9,12/13/2020 15:33,NA,NA,NA,NA,NA,NA,11.52,1.52,15.9,35.13,22.17
798,YSI,10,12/13/2020 17:34,NA,NA,NA,NA,NA,NA,12.04,1.37,17,35.795,22.64
799,YSI,1,1/3/2021 20:16,NA,NA,NA,NA,NA,NA,7.44,0.73,19,27.23,16.77
800,YSI,2,1/3/2021 17:00,NA,NA,NA,NA,NA,NA,9.36,1.06,15.8,25,15.28
801,YSI,3,1/3/2021 16:38,NA,NA,NA,NA,NA,NA,9.29,0.91,15,26.8,16.49
802,YSI,4,1/3/2021 16:16,NA,NA,NA,NA,NA,NA,11.15,0.6,15.3,28.2,17.15
803,YSI,5,1/3/2021 17:20,NA,NA,NA,NA,NA,NA,8.99,0.91,16.4,37.2,23.63
804,YSI,6,1/3/2021 19:57,NA,NA,NA,NA,NA,NA,7.76,NA,19,26.65,16.37
805,YSI,7,1/3/2021 19:10,NA,NA,NA,NA,NA,NA,7.98,0.79,19.4,27.76,1.44
806,YSI,8,1/3/2021 18:46,NA,NA,NA,NA,NA,NA,7.26,0.54,19.9,36.74,23.29
807,YSI,9,1/3/2021 17:41,NA,NA,NA,NA,NA,NA,8.49,0.85,14.7,29,17.96
808,YSI,1,1/19/2021 16:55,NA,NA,NA,NA,NA,NA,8.29,0.46,12.8,0.389,0.19
809,YSI,2,1/19/2021 17:43,NA,NA,NA,NA,NA,NA,8.58,0.88,14.1,12.969,7.53
810,YSI,3,1/19/2021 13:08,NA,NA,NA,NA,NA,NA,9.22,0.91,12.6,19.082,11.39
811,YSI,4,1/19/2021 14:45,NA,NA,NA,NA,NA,NA,9.31,0.61,12.3,18.651,11.09
812,YSI,5,1/19/2021 15:41,NA,NA,NA,NA,NA,NA,8.57,0.91,13.2,15.352,8.98
813,YSI,6,1/19/2021 17:13,NA,NA,NA,NA,NA,NA,9.32,0.61,13,0.371,0.18
814,YSI,7,1/19/2021 16:36,NA,NA,NA,NA,NA,NA,8.04,0.55,12.6,6.11,3.34
815,YSI,8,1/19/2021 16:06,NA,NA,NA,NA,NA,NA,1.97,0.34,14.1,14.99,8.76
816,YSI,9,1/19/2021 15:23,NA,NA,NA,NA,NA,NA,8.38,0.7,12.4,18.659,11.37
817,YSI,10,1/19/2021 18:20,NA,NA,NA,NA,NA,NA,10.14,0.43,14.7,21.595,13.02
818,LAKEWATCH,1,9/3/2020 11:40,102,1260,5,0.762195122,132,NA,NA,NA,NA,5,NA
819,LAKEWATCH,2,9/3/2020 13:21,68,670,24,1.067073171,63,NA,NA,NA,NA,22,NA
820,LAKEWATCH,3,9/3/2020 13:46,43,450,25,0.914634146,39,NA,NA,NA,NA,18,NA
821,LAKEWATCH,4,9/3/2020 16:08,59,600,22,0.914634146,45,NA,NA,NA,NA,23,NA
822,LAKEWATCH,5,9/3/2020 12:57,76,860,22,1.067073171,57,NA,NA,NA,NA,23,NA
823,LAKEWATCH,6,9/3/2020 12:14,103,1460,5,0.762195122,127,NA,NA,NA,NA,5,NA
824,LAKEWATCH,1,3/3/2020 17:08,82,1160,7,1.158536585,145,NA,NA,NA,NA,5.09,NA
825,LAKEWATCH,2,3/3/2020 17:00,21,390,8,1.524390244,20,NA,NA,NA,NA,33,NA
826,LAKEWATCH,3,3/3/2020 19:20,23,450,6,1.006097561,21,NA,NA,NA,NA,34,NA
827,LAKEWATCH,4,3/3/2020 17:43,30,410,4,1.158536585,18,NA,NA,NA,NA,33,NA
828,LAKEWATCH,5,3/3/2020 17:53,26,440,6,1.524390244,23,NA,NA,NA,NA,36,NA
829,LAKEWATCH,6,3/3/2020 17:28,82,970,7,1.219512195,145,NA,NA,NA,NA,11.97,NA
830,LAKEWATCH,1,10/21/2020 18:52,62,930,9,0.762195122,79,NA,NA,NA,NA,14,NA
831,LAKEWATCH,2,10/21/2020 18:13,26,250,19,0.914634146,22,NA,NA,NA,NA,11,NA
832,LAKEWATCH,3,10/21/2020 15:32,50,530,12,0.609756098,40,NA,NA,NA,NA,25,NA
833,LAKEWATCH,4,10/21/2020 16:32,34,380,31,0.762195122,33,NA,NA,NA,NA,20,NA
834,LAKEWATCH,5,10/21/2020 16:59,24,270,9,0.609756098,28,NA,NA,NA,NA,9,NA
835,LAKEWATCH,6,10/21/2020 17:28,90,1600,9,1.067073171,139,NA,NA,NA,NA,11.84,NA
836,LAKEWATCH,1,11/20/2020 9:54,20,230,29,1.067073171,14,NA,NA,NA,NA,9,NA
837,LAKEWATCH,2,11/20/2020 10:00,7,110,56,0.914634146,9,NA,NA,NA,NA,6,NA
838,LAKEWATCH,3,11/20/2020 19:51,18,180,45,0.914634146,14,NA,NA,NA,NA,9,NA
839,LAKEWATCH,4,11/20/2020 20:50,15,170,31,1.067073171,11,NA,NA,NA,NA,9,NA
840,LAKEWATCH,5,11/20/2020 21:00,13,150,52,0.914634146,7,NA,NA,NA,NA,7,NA
841,LAKEWATCH,6,11/20/2020 21:29,10,200,89,1.067073171,13,NA,NA,NA,NA,8,NA
842,LAKEWATCH,1,12/13/2020 13:00,19,320,10,1.219512195,10,NA,NA,NA,NA,6,NA
843,LAKEWATCH,2,12/13/2020 14:59,11,170,21,0.609756098,6,NA,NA,NA,NA,8,NA
844,LAKEWATCH,3,12/13/2020 15:14,15,150,24,0.609756098,4,NA,NA,NA,NA,9,NA
845,LAKEWATCH,4,12/13/2020 15:50,14,140,15,0.762195122,4,NA,NA,NA,NA,7,NA
846,LAKEWATCH,5,12/13/2020 16:14,15,160,15,0.762195122,4,NA,NA,NA,NA,6,NA
847,LAKEWATCH,6,12/13/2020 16:46,28,560,3,1.067073171,15,NA,NA,NA,NA,6,NA
848,YSI,1,2/3/2021 18:16,NA,NA,NA,NA,NA,NA,9.38,0.61,14.9,2.939,1.54
849,YSI,2,2/3/2021 17:13,NA,NA,NA,NA,NA,NA,10.59,0.94,10.7,2.32,1.1
850,YSI,3,2/3/2021 17:46,NA,NA,NA,NA,NA,NA,10.61,0.96,11.8,8.63,4.82
851,YSI,4,2/3/2021 14:46,NA,NA,NA,NA,NA,NA,10.09,0.76,10.2,9.91,5.6
852,YSI,5,2/3/2021 15:14,NA,NA,NA,NA,NA,NA,10.32,1.07,10.7,3.26,1.72
853,YSI,6,2/3/2021 15:44,NA,NA,NA,NA,NA,NA,8.5,0.85,13.5,10.763,6.63
854,YSI,7,2/3/2021 16:22,NA,NA,NA,NA,NA,NA,9.64,0.82,11.8,17.37,0.88
855,YSI,8,2/3/2021 16:51,NA,NA,NA,NA,NA,NA,10.53,0.61,10.4,32.7,1.66
856,YSI,9,2/3/2021 17:32,NA,NA,NA,NA,NA,NA,10.82,1.07,10.1,27.48,1.43
857,YSI,10,2/3/2021 18:49,NA,NA,NA,NA,NA,NA,10.92,0.46,10.7,11.49,6.56
858,YSI,1,2/17/2021 17:54,NA,NA,NA,NA,NA,NA,8.24,0.34,17.1,2.541,1.34
859,YSI,2,2/17/2021 17:46,NA,NA,NA,NA,NA,NA,8.31,0.88,16.7,22.154,13.4
860,YSI,3,2/17/2021 17:22,NA,NA,NA,NA,NA,NA,8.88,0.67,16,14.433,8.41
861,YSI,4,2/17/2021 18:53,NA,NA,NA,NA,NA,NA,8.02,0.79,16.9,29.069,18.03
862,YSI,5,2/17/2021 18:33,NA,NA,NA,NA,NA,NA,8.63,0.98,16.4,16.896,9.99
863,YSI,6,2/17/2021 18:15,NA,NA,NA,NA,NA,NA,7.1,0.82,17.2,26.155,15.99
864,YSI,9,2/17/2021 19:04,NA,NA,NA,NA,NA,NA,7.22,1.07,17,21.466,19.63
865,YSI,1,3/4/2021 15:14,NA,NA,NA,NA,NA,NA,6.71,0.46,17,0.1333,0.06
866,YSI,2,3/4/2021 16:19,NA,NA,NA,NA,NA,NA,6.63,0.88,18.5,24.921,15.22
877,YSI,3,3/4/2021 17:02,NA,NA,NA,NA,NA,NA,6.77,0.85,17.7,23.505,14.28
878,YSI,4,3/4/2021 14:12,NA,NA,NA,NA,NA,NA,6.73,0.64,17.7,21.872,13.2
879,YSI,5,3/4/2021 14:35,NA,NA,NA,NA,NA,NA,6.63,0.88,18,19.63,11.78
880,YSI,6,3/4/2021 14:57,NA,NA,NA,NA,NA,NA,6.43,0.7,16.9,1.179,0.62
881,YSI,7,3/4/2021 15:36,NA,NA,NA,NA,NA,NA,5.38,0.67,17.8,14.015,8.13
882,YSI,8,3/4/2021 15:57,NA,NA,NA,NA,NA,NA,6.52,0.49,18.3,16.622,9.8
883,YSI,9,3/4/2021 16:45,NA,NA,NA,NA,NA,NA,5.59,0.79,18,23.83,14.49
884,YSI,10,3/4/2021 17:26,NA,NA,NA,NA,NA,NA,6.97,0.67,19.1,21.72,13.1
885,YSI,105,3/5/2021 16:17,NA,NA,NA,NA,NA,NA,7.4,0.64,18.1,13.804,6.76
886,YSI,102,3/5/2021 17:05,NA,NA,NA,NA,NA,NA,7.46,0.72,18.5,9.733,6.03
887,YSI,1,3/17/2021 15:13,NA,NA,NA,NA,NA,NA,6.98,0.76,19.6,0.143,0.07
888,YSI,2,3/17/2021 16:34,NA,NA,NA,NA,NA,NA,7.37,1.98,23,19.857,12.1
889,YSI,3,3/17/2021 17:01,NA,NA,NA,NA,NA,NA,6.95,1.68,23.1,42.974,27.57
890,YSI,4,3/17/2021 13:53,NA,NA,NA,NA,NA,NA,6.49,0.91,22.6,32.707,20.46
891,YSI,5,3/17/2021 14:13,NA,NA,NA,NA,NA,NA,7.91,1.37,21.6,11.952,6.85
892,YSI,6,3/17/2021 15:00,NA,NA,NA,NA,NA,NA,6.59,1.14,19.4,0.137,0.06
893,YSI,7,3/17/2021 15:42,NA,NA,NA,NA,NA,NA,6.86,1.22,20.8,0.754,0.37
894,YSI,8,3/17/2021 16:01,NA,NA,NA,NA,NA,NA,6.99,1.07,22.5,12.477,7.16
895,YSI,10,3/17/2021 17:43,NA,NA,NA,NA,NA,NA,7.07,1.16,23.6,34.454,21.65
896,YSI,105,3/17/2021 14:32,NA,NA,NA,NA,NA,NA,7.92,0.58,21.7,11.321,6.45
897,YSI,1,3/31/2021 14:04,NA,NA,NA,NA,NA,NA,5.64,0.76,21.8,0.3323,0.16
898,YSI,3,3/31/2021 15:51,NA,NA,NA,NA,NA,NA,6.43,1.37,24.2,32.917,20.59
899,YSI,4,3/31/2021 16:05,NA,NA,NA,NA,NA,NA,6.25,1.22,23.9,54.576,21.7
900,YSI,5,3/31/2021 13:38,NA,NA,NA,NA,NA,NA,5.97,1.22,23.2,21.147,12.82
901,YSI,6,3/31/2021 13:52,NA,NA,NA,NA,NA,NA,5.71,1.07,21.8,0.3745,0.18
902,YSI,7,3/31/2021 14:38,NA,NA,NA,NA,NA,NA,5.9,1.07,22.3,0.893,0.44
903,YSI,8,3/31/2021 15:34,NA,NA,NA,NA,NA,NA,6.02,1.07,24.1,21.604,12.99
904,YSI,9,3/31/2021 15:17,NA,NA,NA,NA,NA,NA,5.75,1.22,23.9,33.32,20.91
905,YSI,10,3/31/2021 16:18,NA,NA,NA,NA,NA,NA,5.62,0.61,24.4,29.711,18.38
906,YSI,105,3/31/2021 13:19,NA,NA,NA,NA,NA,NA,6.11,0.76,23.2,22.358,13.48
907,YSI,102,3/31/2021 15:03,NA,NA,NA,NA,NA,NA,6.45,0.91,23.7,21.954,13.21
908,YSI,1,4/13/2021 14:49,NA,NA,NA,NA,NA,NA,6.87,0.76,21.3,0.3982,0.19
909,YSI,2,4/13/2021 13:30,NA,NA,NA,NA,NA,NA,6.75,1.07,21.6,8.694,4.88
910,YSI,3,4/13/2021 12:43,NA,NA,NA,NA,NA,NA,6.22,0.91,22.2,20.94,12.58
911,YSI,4,4/13/2021 12:26,NA,NA,NA,NA,NA,NA,6.83,0.61,21.7,18.347,10.88
912,YSI,5,4/13/2021 15:32,NA,NA,NA,NA,NA,NA,6.9,1.37,22.7,10.142,5.68
913,YSI,6,4/13/2021 15:09,NA,NA,NA,NA,NA,NA,5.42,1.22,21.9,25.015,15.23
914,YSI,7,4/13/2021 14:40,NA,NA,NA,NA,NA,NA,6.43,0.91,21.6,2.707,1.4
915,YSI,8,4/13/2021 14:13,NA,NA,NA,NA,NA,NA,6.33,0.61,21.6,10.913,6.19
916,YSI,9,4/13/2021 13:05,NA,NA,NA,NA,NA,NA,6.93,0.91,21,15.79,9.18
917,YSI,10,4/13/2021 16:39,NA,NA,NA,NA,NA,NA,6.78,0.76,23,18.905,11.23
918,YSI,102,4/13/2021 16:19,NA,NA,NA,NA,NA,NA,6.15,1.37,22.1,32.536,20.35
919,YSI,105,4/13/2021 15:50,NA,NA,NA,NA,NA,NA,5.85,0.91,22,31.324,19.52
920,YSI,10,4/22/2021 17:52,NA,NA,NA,NA,NA,NA,9.72,0.76,21.8,21.075,12.65
921,YSI,1,4/26/2021 14:54,NA,NA,NA,NA,NA,NA,6.74,1.22,23.7,13.176,7.5
922,YSI,2,4/26/2021 13:24,NA,NA,NA,NA,NA,NA,7.5,1.37,23.4,16.321,9.56
923,YSI,3,4/26/2021 13:04,NA,NA,NA,NA,NA,NA,7.82,0.76,23.5,22.016,13.26
924,YSI,5,4/26/2021 15:35,NA,NA,NA,NA,NA,NA,9.3,1.83,24,22.88,13.81
925,YSI,6,4/26/2021 15:19,NA,NA,NA,NA,NA,NA,6.77,1.68,23.7,11.571,6.49
926,YSI,7,4/26/2021 14:23,NA,NA,NA,NA,NA,NA,6.39,1.37,22.9,0.881,0.43
927,YSI,8,4/26/2021 14:04,NA,NA,NA,NA,NA,NA,7.85,0.99,23.4,17.179,10.11
928,YSI,9,4/26/2021 12:44,NA,NA,NA,NA,NA,NA,5.83,1.07,23.2,25.223,15.39
929,YSI,2,4/22/2021 20:12,NA,NA,NA,NA,NA,NA,9.58,1.52,22,21.024,12.61
930,YSI,6,4/22/2021 18:14,NA,NA,NA,NA,NA,NA,7.9,1.22,22.6,3.907,1.65
931,YSI,102,4/26/2021 13:45,NA,NA,NA,NA,NA,NA,6.42,0.91,23.7,28.367,17.21
932,YSI,105,4/26/2021 16:05,NA,NA,NA,NA,NA,NA,11.44,1.37,24.3,22.598,13.64
933,YSI,105,5/11/2021 13:18,NA,NA,NA,NA,NA,NA,7.45,0.76,26.2,8.848,4.93
934,YSI,4,5/11/2021 15:18,NA,NA,NA,NA,NA,NA,9.08,1.52,26.8,30.817,19.1
935,YSI,9,5/11/2021 14:20,NA,NA,NA,NA,NA,NA,8.59,0.76,26.8,21.004,12.54
936,YSI,10,5/11/2021 16:13,NA,NA,NA,NA,NA,NA,10.02,1.07,27.3,21.523,12.88
937,YSI,1,5/12/2021 15:39,NA,NA,NA,NA,NA,NA,7.09,1.22,26.4,0.4118,0.2
938,YSI,2,5/12/2021 15:12,NA,NA,NA,NA,NA,NA,7.6,1.52,27.9,5.934,3.19
939,YSI,3,5/12/2021 16:34,NA,NA,NA,NA,NA,NA,8.94,1.83,28.4,30.152,18.61
940,YSI,5,5/12/2021 16:15,NA,NA,NA,NA,NA,NA,5.87,1.83,27,29.355,18.19
941,YSI,6,5/12/2021 15:54,NA,NA,NA,NA,NA,NA,7.21,1.52,28.5,1.716,0.86
942,YSI,7,5/12/2021 13:52,NA,NA,NA,NA,NA,NA,6.99,1.07,24.8,0.385,0.18
943,YSI,8,5/12/2021 14:53,NA,NA,NA,NA,NA,NA,7.15,1.22,28.6,6.961,3.8
944,YSI,1,5/28/2021 15:13,NA,NA,NA,NA,NA,NA,8.61,0.88,27,1.277,0.64
945,YSI,2,5/28/2021 13:53,NA,NA,NA,NA,NA,NA,8.68,1.1,27.6,19.278,10.97
946,YSI,3,5/28/2021 13:02,NA,NA,NA,NA,NA,NA,6.76,1.07,27.3,31.103,19.29
947,YSI,4,5/28/2021 12:44,NA,NA,NA,NA,NA,NA,7.51,0.79,27.7,28.63,17.13
948,YSI,5,5/28/2021 14:32,NA,NA,NA,NA,NA,NA,8.62,1.1,27.7,23.09,13.93
949,YSI,6,5/28/2021 15:25,NA,NA,NA,NA,NA,NA,8.44,1.28,27.5,17.761,7.8
950,YSI,7,5/28/2021 15:01,NA,NA,NA,NA,NA,NA,8.47,1.22,26.8,1.428,0.72
951,YSI,8,5/28/2021 14:48,NA,NA,NA,NA,NA,NA,8.34,0.88,27.9,15.892,9.21
952,YSI,9,5/28/2021 13:15,NA,NA,NA,NA,NA,NA,6.89,1.04,27.4,31.612,19.63
953,YSI,10,5/28/2021 13:32,NA,NA,NA,NA,NA,NA,5.68,0.7,27.6,32.125,19.98
954,YSI,102,5/28/2021 14:11,NA,NA,NA,NA,NA,NA,9.01,0.76,27.7,13.71,17.92
955,YSI,105,5/28/2021 14:22,NA,NA,NA,NA,NA,NA,8.13,0.67,27.7,28.566,17.56
956,YSI,1,6/18/2021 16:56,NA,NA,NA,NA,NA,NA,2.68,0.91,28.6,8.429,4.55
957,YSI,2,6/18/2021 18:40,NA,NA,NA,NA,NA,NA,4.21,1.22,29.2,25.285,15.36
958,YSI,3,6/18/2021 19:51,NA,NA,NA,NA,NA,NA,7.09,1.22,29.5,23.586,14.38
959,YSI,4,6/18/2021 20:09,NA,NA,NA,NA,NA,NA,10.48,0.99,29.7,20.935,12.46
960,YSI,5,6/18/2021 17:45,NA,NA,NA,NA,NA,NA,4.68,1.3,29,23.976,14.58
961,YSI,6,6/18/2021 17:15,NA,NA,NA,NA,NA,NA,1.95,1.22,28.8,23.644,14.25
962,YSI,7,6/18/2021 16:35,NA,NA,NA,NA,NA,NA,NA,1.37,28,1.712,0.86
963,YSI,9,6/18/2021 19:28,NA,NA,NA,NA,NA,NA,6.82,1.22,29.8,7.273,10.09
964,YSI,102,6/18/2021 19:09,NA,NA,NA,NA,NA,NA,3,0.76,29.6,5.643,3
965,YSI,105,6/18/2021 18:19,NA,NA,NA,NA,NA,NA,6.37,0.76,29.5,11.334,6.37
966,YSI,1,7/15/2021 15:57,NA,NA,NA,NA,NA,NA,4.14,0.76,27.1,0.2463,0.11
967,YSI,2,7/15/2021 16:35,NA,NA,NA,NA,NA,NA,4.13,1.22,29.6,27.727,16.95
968,YSI,3,7/15/2021 18:26,NA,NA,NA,NA,NA,NA,7.31,1.37,29.8,38.323,24.22
969,YSI,4,7/15/2021 17:42,NA,NA,NA,NA,NA,NA,7.03,0.91,29.7,38.045,24.04
970,YSI,5,7/15/2021 17:25,NA,NA,NA,NA,NA,NA,4.72,1.22,29.4,34.61,22.14
971,YSI,6,7/15/2021 15:20,NA,NA,NA,NA,NA,NA,3.87,1.22,27.2,2.669,1.39
972,YSI,106,7/15/2021 15:40,NA,NA,NA,NA,NA,NA,3.12,0.91,27.9,13.337,6.36
973,YSI,101,7/15/2021 16:13,NA,NA,NA,NA,NA,NA,4.04,1.22,27.1,1.577,0.79
974,YSI,102,7/15/2021 16:52,NA,NA,NA,NA,NA,NA,4.29,0.91,29.8,26.817,16.33
975,YSI,105,7/15/2021 17:12,NA,NA,NA,NA,NA,NA,4.69,0.76,29.5,31.029,19.56
976,YSI,104,7/15/2021 17:56,NA,NA,NA,NA,NA,NA,7.09,0.91,29.7,38.377,24.27
977,YSI,103,7/15/2021 18:10,NA,NA,NA,NA,NA,NA,7.25,1.07,29.7,38.394,24.27
978,YSI,1,8/11/2021 16:33,NA,NA,NA,NA,NA,NA,4.26,1.22,28.4,0.51,0.28
979,YSI,2,8/11/2021 16:15,NA,NA,NA,NA,NA,NA,4.79,1.52,30.1,15.631,9.1
980,YSI,3,8/11/2021 17:56,NA,NA,NA,NA,NA,NA,6.8,1.98,31.1,31.904,19.75
981,YSI,4,8/11/2021 17:19,NA,NA,NA,NA,NA,NA,6.3,1.52,30.9,31.663,19.58
982,YSI,5,8/11/2021 15:21,NA,NA,NA,NA,NA,NA,3.63,1.22,29.2,19.92,11.36
983,YSI,6,8/11/2021 14:49,NA,NA,NA,NA,NA,NA,4.87,0.91,27.1,0.1811,0.08
984,YSI,101,8/11/2021 16:45,NA,NA,NA,NA,NA,NA,2.71,1.52,28.1,12.846,7.66
985,YSI,102,8/11/2021 16:02,NA,NA,NA,NA,NA,NA,4.38,1.22,29.8,18.409,11.17
986,YSI,103,8/11/2021 17:33,NA,NA,NA,NA,NA,NA,6.79,1.52,31.1,31.525,19.48
987,YSI,104,8/11/2021 17:03,NA,NA,NA,NA,NA,NA,5.98,1.22,30.8,30.932,19.09
988,YSI,105,8/11/2021 15:43,NA,NA,NA,NA,NA,NA,4.21,0.91,29.3,18.603,10.58
989,YSI,106,8/11/2021 15:04,NA,NA,NA,NA,NA,NA,4.26,0.91,27.2,0.1875,0.09
990,YSI,1,8/27/2021 15:03,NA,NA,NA,NA,NA,NA,3.75,0.76,26.9,0.2129,0.1
991,YSI,2,8/27/2021 15:25,NA,NA,NA,NA,NA,NA,4.53,1.22,28.8,26.14,15.9
992,YSI,3,8/27/2021 16:34,NA,NA,NA,NA,NA,NA,5.9,1.22,29.5,27.615,16.88
993,YSI,4,8/27/2021 17:22,NA,NA,NA,NA,NA,NA,5.35,1.22,29.5,35.879,22.53
994,YSI,5,8/27/2021 15:51,NA,NA,NA,NA,NA,NA,4.51,1.22,28.9,26.908,16.4
995,YSI,6,8/27/2021 14:18,NA,NA,NA,NA,NA,NA,4.19,1.07,26.7,0.248,0.12
996,YSI,101,8/27/2021 14:48,NA,NA,NA,NA,NA,NA,3.8,1.22,26.9,0.2188,0.1
997,YSI,102,8/27/2021 15:37,NA,NA,NA,NA,NA,NA,4.77,0.61,29,24.278,14.66
998,YSI,103,8/27/2021 16:43,NA,NA,NA,NA,NA,NA,6.19,0.91,29.7,28.393,17.39
999,YSI,104,8/27/2021 17:10,NA,NA,NA,NA,NA,NA,5.92,0.91,29.3,32.225,20
1000,YSI,105,8/27/2021 16:50,NA,NA,NA,NA,NA,NA,4.64,0.76,29.3,26.641,15.69
1001,YSI,106,8/27/2021 14:32,NA,NA,NA,NA,NA,NA,4.15,0.76,26.8,0.2502,0.12
1002,YSI,3,7/27/2021 15:28,NA,NA,NA,NA,NA,NA,3.75,1.37,30.1,26.434,16.07
1003,YSI,4,7/27/2021 14:58,NA,NA,NA,NA,NA,NA,3.88,0.91,30,26.632,16.21
1004,YSI,103,7/27/2021 15:38,NA,NA,NA,NA,NA,NA,4.27,1.07,30.4,27.336,16.67
1005,YSI,104,7/27/2021 15:10,NA,NA,NA,NA,NA,NA,4.14,0.91,30.1,26.583,16.17
1006,YSI,1,9/8/2021 12:52,NA,NA,NA,NA,NA,NA,NA,0.55,26.5617,0.227,0.11
1007,YSI,2,9/8/2021 13:18,NA,NA,NA,NA,NA,NA,NA,1.02,28.1581,7.5124,3.87
1008,YSI,3,9/8/2021 14:28,NA,NA,NA,NA,NA,NA,NA,1.07,28.8497,17.083,9.25
1009,YSI,4,9/8/2021 15:08,NA,NA,NA,NA,NA,NA,NA,0.98,29.0707,18.192,9.86
1010,YSI,5,9/8/2021 13:47,NA,NA,NA,NA,NA,NA,NA,0.95,28.0828,5.0456,2.54
1011,YSI,6,9/8/2021 12:18,NA,NA,NA,NA,NA,NA,NA,0.95,26.5731,0.23683,0.11
1012,YSI,101,9/8/2021 12:43,NA,NA,NA,NA,NA,NA,NA,0.89,26.5597,0.23071,0.11
1013,YSI,102,9/8/2021 13:32,NA,NA,NA,NA,NA,NA,NA,0.53,27.9598,4.4187,2.21
1014,YSI,103,9/8/2021 14:44,NA,NA,NA,NA,NA,NA,NA,0.84,28.9195,17.436,9.44
1015,YSI,104,9/8/2021 14:58,NA,NA,NA,NA,NA,NA,NA,0.74,27.591,0.0552,0.03
1016,YSI,105,9/8/2021 14:12,NA,NA,NA,NA,NA,NA,NA,0.6,28.2937,5.28,2.65
1017,YSI,106,9/8/2021 12:31,NA,NA,NA,NA,NA,NA,NA,0.73,26.5658,0.23524,0.11
1018,YSI,1,9/27/2021 18:28,NA,NA,NA,NA,NA,NA,4.69,0.91,26.4,0.3386,0.16
1019,YSI,2,9/27/2021 16:40,NA,NA,NA,NA,NA,NA,5.62,1.22,27.7,254.48,15.49
1020,YSI,3,9/27/2021 16:11,NA,NA,NA,NA,NA,NA,7.13,1.07,28.1,29.157,17.94
1021,YSI,4,9/27/2021 15:37,NA,NA,NA,NA,NA,NA,7.46,0.76,27.9,30.845,19.09
1022,YSI,5,9/27/2021 17:23,NA,NA,NA,NA,NA,NA,6.06,1.22,28,25.402,15.35
1023,YSI,6,9/27/2021 18:16,NA,NA,NA,NA,NA,NA,4.88,1.22,27,0.2712,0.13
1024,YSI,101,9/27/2021 18:37,NA,NA,NA,NA,NA,NA,4.84,1.22,26.8,0.3435,0.16
1025,YSI,102,9/27/2021 17:06,NA,NA,NA,NA,NA,NA,6.71,0.91,28.7,25.934,15.79
1026,YSI,103,9/27/2021 16:25,NA,NA,NA,NA,NA,NA,7.28,0.61,28.5,29.689,18.29
1027,YSI,104,9/27/2021 15:50,NA,NA,NA,NA,NA,NA,7.5,0.61,28.1,30.085,18.6
1028,YSI,105,9/27/2021 17:47,NA,NA,NA,NA,NA,NA,6.6,0.76,28.7,26.892,16.4
1029,YSI,106,9/27/2021 18:04,NA,NA,NA,NA,NA,NA,1.64,1.07,26.5,25.301,12.75
1030,LAKEWATCH,1,1/19/2021 11:49,75,1000,2,0.457317073,129,NA,NA,NA,NA,NA,NA
1031,LAKEWATCH,2,1/19/2021 12:25,54,540,5,0.853658537,75,NA,NA,NA,NA,NA,NA
1032,LAKEWATCH,3,1/19/2021 10:05,35,420,8,0.914634146,48,NA,NA,NA,NA,NA,NA
1033,LAKEWATCH,4,1/19/2021 9:44,32,370,9,0.609756098,49,NA,NA,NA,NA,NA,NA
1034,LAKEWATCH,5,1/19/2021 10:36,52,550,6,0.762195122,71,NA,NA,NA,NA,NA,NA
1035,LAKEWATCH,6,1/19/2021 12:07,69,960,1,0.609756098,117,NA,NA,NA,NA,NA,NA
1036,LAKEWATCH,1,2/18/2021 12:45,89,1000,1,NA,147,NA,NA,NA,NA,NA,NA
1037,LAKEWATCH,2,2/18/2021 12:36,38,410,13,NA,43,NA,NA,NA,NA,NA,NA
1038,LAKEWATCH,3,2/18/2021 12:17,46,370,7,NA,41,NA,NA,NA,NA,NA,NA
1039,LAKEWATCH,4,2/18/2021 13:40,23,300,10,NA,30,NA,NA,NA,NA,NA,NA
1040,LAKEWATCH,5,2/18/2021 13:22,44,410,8,NA,48,NA,NA,NA,NA,NA,NA
1041,LAKEWATCH,6,2/18/2021 13:10,54,520,2,NA,83,NA,NA,NA,NA,NA,NA
1042,LAKEWATCH,1,3/17/2021 11:03,75,870,2,0.609756098,204,NA,NA,NA,NA,NA,NA
1043,LAKEWATCH,2,3/17/2021 12:23,34,410,17,0.609756098,71,NA,NA,NA,NA,NA,NA
1044,LAKEWATCH,3,3/17/2021 12:50,42,440,11,0.609756098,31,NA,NA,NA,NA,NA,NA
1045,LAKEWATCH,4,3/17/2021 9:31,37,530,8,0.609756098,71,NA,NA,NA,NA,NA,NA
1046,LAKEWATCH,5,3/17/2021 10:03,61,610,35,0.457317073,132,NA,NA,NA,NA,NA,NA
1047,LAKEWATCH,6,3/17/2021 10:46,77,910,5,0.609756098,205,NA,NA,NA,NA,NA,NA
1048,LAKEWATCH,1,4/13/2021 10:41,79,1380,1,0.304878049,104,NA,NA,NA,NA,NA,NA
1049,LAKEWATCH,2,4/13/2021 9:11,71,1000,6,0.609756098,94,NA,NA,NA,NA,NA,NA
1050,LAKEWATCH,3,4/13/2021 8:39,56,640,5,0.609756098,49,NA,NA,NA,NA,NA,NA
1051,LAKEWATCH,4,4/13/2021 8:24,64,990,5,0.609756098,75,NA,NA,NA,NA,NA,NA
1052,LAKEWATCH,5,4/13/2021 11:22,67,750,10,0.914634146,86,NA,NA,NA,NA,NA,NA
1053,LAKEWATCH,6,4/13/2021 11:00,76,1300,2,0.914634146,102,NA,NA,NA,NA,NA,NA
1054,LAKEWATCH,1,5/13/2021 11:26,88,1080,1,1.219512195,NA,NA,NA,NA,NA,NA,NA
1055,LAKEWATCH,2,5/13/2021 11:00,68,560,6,0.762195122,NA,NA,NA,NA,NA,NA,NA
1056,LAKEWATCH,3,5/13/2021 12:23,42,500,16,0.762195122,NA,NA,NA,NA,NA,NA,NA
1057,LAKEWATCH,4,5/13/2021 12:42,36,370,20,0.609756098,NA,NA,NA,NA,NA,NA,NA
1058,LAKEWATCH,5,5/13/2021 12:05,83,850,6,0.762195122,NA,NA,NA,NA,NA,NA,NA
1059,LAKEWATCH,6,5/13/2021 11:44,90,1010,2,1.067073171,NA,NA,NA,NA,NA,NA,NA
1060,LAKEWATCH,1,6/18/2021 12:45,66,1590,10,0.914634146,NA,NA,NA,NA,NA,NA,NA
1061,LAKEWATCH,2,6/18/2021 14:25,53,880,16,0.914634146,NA,NA,NA,NA,NA,NA,NA
1062,LAKEWATCH,3,6/18/2021 15:33,83,1160,17,0.914634146,NA,NA,NA,NA,NA,NA,NA
1063,LAKEWATCH,4,6/18/2021 15:57,94,1190,20,0.762195122,NA,NA,NA,NA,NA,NA,NA
1064,LAKEWATCH,5,6/18/2021 13:32,69,1160,21,0.914634146,NA,NA,NA,NA,NA,NA,NA
1065,LAKEWATCH,6,6/18/2021 13:03,65,1580,9,1.219512195,NA,NA,NA,NA,NA,NA,NA
1066,LAKEWATCH,1,7/15/2021 11:54,205,1110,2,0.762195122,403,NA,NA,NA,NA,NA,NA
1067,LAKEWATCH,2,7/15/2021 12:28,112,880,6,0.762195122,107,NA,NA,NA,NA,NA,NA
1068,LAKEWATCH,3,7/15/2021 14:14,86,700,20,0.914634146,42,NA,NA,NA,NA,NA,NA
1069,LAKEWATCH,4,7/15/2021 13:34,83,660,18,0.914634146,41,NA,NA,NA,NA,NA,NA
1070,LAKEWATCH,5,7/15/2021 13:17,126,860,7,0.914634146,142,NA,NA,NA,NA,NA,NA
1071,LAKEWATCH,6,7/15/2021 11:12,199,1040,2,0.609756098,401,NA,NA,NA,NA,NA,NA
1072,LAKEWATCH,1,8/12/2021 12:24,153,1150,2,0.609756098,NA,NA,NA,NA,NA,NA,NA
1073,LAKEWATCH,2,8/12/2021 12:08,119,960,7,0.762195122,NA,NA,NA,NA,NA,NA,NA
1074,LAKEWATCH,3,8/12/2021 13:42,72,680,21,1.067073171,NA,NA,NA,NA,NA,NA,NA
1075,LAKEWATCH,4,8/12/2021 13:20,74,660,20,0.762195122,NA,NA,NA,NA,NA,NA,NA
1076,LAKEWATCH,5,8/12/2021 11:13,152,950,15,0.609756098,NA,NA,NA,NA,NA,NA,NA
1077,LAKEWATCH,6,8/12/2021 10:43,154,1060,1,0.457317073,NA,NA,NA,NA,NA,NA,NA
1078,YSI,1,10/7/2021 19:17,NA,NA,NA,1.981707317,NA,NA,5.28,1.98,26.5,31.097,19.27
1079,YSI,2,10/7/2021 17:01,NA,NA,NA,2.134146341,NA,NA,6.03,2.13,26.9,34.316,21.5
1080,YSI,3,10/7/2021 16:41,NA,NA,NA,1.981707317,NA,NA,6.48,1.98,26.7,35.808,22.55
1081,YSI,4,10/7/2021 15:44,NA,NA,NA,1.37195122,NA,NA,6.09,1.37,26.4,35.124,22.07
1082,YSI,5,10/7/2021 17:41,NA,NA,NA,2.286585366,NA,NA,6.58,2.29,27.1,35.675,22.43
1083,YSI,6,10/7/2021 18:36,NA,NA,NA,2.134146341,NA,NA,5.26,2.13,26.3,27.569,16.09
1084,YSI,101,10/7/2021 19:05,NA,NA,NA,2.43902439,NA,NA,5.14,2.44,26.5,30.625,18.73
1085,YSI,102,10/7/2021 17:22,NA,NA,NA,1.829268293,NA,NA,6.54,1.83,27.1,35.528,22.34
1086,YSI,104,10/7/2021 15:57,NA,NA,NA,1.37195122,NA,NA,6.21,1.37,26.6,34.994,21.98
1087,YSI,105,10/7/2021 18:02,NA,NA,NA,1.829268293,NA,NA,6.88,1.83,27.2,37.284,23.57
1088,YSI,106,10/7/2021 18:49,NA,NA,NA,2.134146341,NA,NA,5.17,2.13,26.5,30.223,18.7
1089,YSI,1,10/21/2021 16:23,NA,NA,NA,1.524390244,NA,NA,6.69,1.52,23.3,29.732,18.42
1090,YSI,2,10/21/2021 14:46,NA,NA,NA,1.37195122,NA,NA,7.2,1.37,22.8,34.733,21.75
1091,YSI,3,10/21/2021 14:19,NA,NA,NA,1.219512195,NA,NA,6.85,1.22,22.5,36.975,23.47
1092,YSI,4,10/21/2021 13:29,NA,NA,NA,0.609756098,NA,NA,6.61,0.61,22.3,35.944,22.71
1093,YSI,5,10/21/2021 15:28,NA,NA,NA,1.524390244,NA,NA,7.87,1.52,23.3,36.71,23.23
1094,YSI,6,10/21/2021 15:44,NA,NA,NA,1.524390244,NA,NA,6.45,1.52,23.5,32.09,19.99
1095,YSI,101,10/21/2021 16:10,NA,NA,NA,1.829268293,NA,NA,6.35,1.83,23.3,30.04,18.69
1096,YSI,102,10/21/2021 15:01,NA,NA,NA,1.219512195,NA,NA,7.28,1.22,22.9,35.109,22.12
1097,YSI,103,10/21/2021 14:32,NA,NA,NA,0.914634146,NA,NA,6.94,0.91,22.4,37.302,23.66
1098,YSI,104,10/21/2021 14:00,NA,NA,NA,0.609756098,NA,NA,6.76,0.61,22.3,36.599,23.18
1099,YSI,105,10/21/2021 15:18,NA,NA,NA,0.914634146,NA,NA,7.71,0.91,23.1,36.029,22.76
1100,YSI,106,10/21/2021 16:00,NA,NA,NA,1.37195122,NA,NA,5.64,1.37,23.5,32.175,20.09
1101,YSI,1,11/10/2021 19:54,NA,NA,NA,0.914634146,NA,NA,8.11,NA,19.1,40.785,26.47
1102,YSI,2,11/10/2021 15:20,NA,NA,NA,1.37195122,NA,NA,7.62,NA,19,35.52,22.62
1103,YSI,3,11/10/2021 18:22,NA,NA,NA,1.067073171,NA,NA,9.96,NA,19.6,38.925,24.65
1104,YSI,4,11/10/2021 16:01,NA,NA,NA,0.762195122,NA,NA,8.13,NA,18.7,38.024,24.2
1105,YSI,5,11/10/2021 18:52,NA,NA,NA,1.219512195,NA,NA,8.66,NA,18.7,42.368,27.29
1106,YSI,6,11/10/2021 19:28,NA,NA,NA,1.219512195,NA,NA,8.64,NA,19,44.98,29.17
1107,YSI,101,11/10/2021 20:06,NA,NA,NA,1.219512195,NA,NA,8.31,NA,19.2,38.729,24.1
1108,YSI,102,11/10/2021 17:57,NA,NA,NA,0.609756098,NA,NA,7.69,NA,19.5,30.527,19.05
1109,YSI,103,11/10/2021 18:34,NA,NA,NA,0.609756098,NA,NA,10.1,NA,20,37.979,24.19
1110,YSI,104,11/10/2021 16:17,NA,NA,NA,0.609756098,NA,NA,8.08,NA,19,37.732,23.99
1111,YSI,105,11/10/2021 19:08,NA,NA,NA,0.609756098,NA,NA,8.97,NA,18.7,42.377,27.25
1112,YSI,106,11/10/2021 19:40,NA,NA,NA,0.914634146,NA,NA,8.59,NA,19,44.771,28.86
1113,YSI,1,11/22/2021 16:03,NA,NA,NA,NA,NA,NA,NA,NA,NA,NA,NA
1114,YSI,2,11/24/2021 18:41,NA,NA,NA,1.524390244,NA,NA,8.7,NA,15.8,27.321,16.81
1115,YSI,3,11/24/2021 18:22,NA,NA,NA,1.219512195,NA,NA,8.87,NA,15.2,30.149,18.87
1116,YSI,4,11/24/2021 19:37,NA,NA,NA,1.219512195,NA,NA,9.14,NA,15.9,28.033,17.31
1117,YSI,5,11/24/2021 19:24,NA,NA,NA,1.524390244,NA,NA,8.61,NA,16.2,29.128,18.05
1118,YSI,6,11/22/2021 15:55,NA,NA,NA,NA,NA,NA,NA,NA,NA,NA,NA
1119,YSI,101,11/22/2021 16:12,NA,NA,NA,NA,NA,NA,NA,NA,NA,NA,NA
1120,YSI,102,11/24/2021 18:56,NA,NA,NA,0.914634146,NA,NA,8.63,NA,15.9,28.023,17.28
1121,YSI,103,11/24/2021 19:54,NA,NA,NA,1.219512195,NA,NA,9.3,NA,15.9,27.958,17.26
1122,YSI,104,11/24/2021 19:45,NA,NA,NA,1.219512195,NA,NA,9.18,NA,15.9,28.073,17.33
1123,YSI,105,11/24/2021 19:13,NA,NA,NA,0.914634146,NA,NA,8.59,NA,16,28.828,17.84
1124,YSI,106,11/22/2021 15:44,NA,NA,NA,NA,NA,NA,NA,NA,NA,NA,NA
1125,YSI,1,12/13/2021 20:35,NA,NA,NA,0.762195122,NA,NA,6.11,NA,22,31.087,19.63
1126,YSI,2,12/13/2021 21:02,NA,NA,NA,1.219512195,NA,NA,6.93,NA,22.1,40.912,26.23
1127,YSI,3,12/13/2021 22:16,NA,NA,NA,1.219512195,NA,NA,7.23,NA,22.2,41.93,26.93
1128,YSI,4,12/13/2021 22:05,NA,NA,NA,0.914634146,NA,NA,7.17,NA,22.3,41.74,26.81
1129,YSI,5,12/13/2021 21:40,NA,NA,NA,1.219512195,NA,NA,7.03,NA,22,37.808,24.16
1130,YSI,6,12/13/2021 19:45,NA,NA,NA,0.914634146,NA,NA,4.67,NA,21.8,41.41,26.57
1131,YSI,101,12/13/2021 20:43,NA,NA,NA,0.914634146,NA,NA,4.97,NA,21.8,38.457,24.5
1132,YSI,102,12/13/2021 21:20,NA,NA,NA,0.762195122,NA,NA,6.96,NA,22.1,40.772,26.12
1133,YSI,103,12/13/2021 22:24,NA,NA,NA,0.914634146,NA,NA,7.01,NA,22.2,41.73,26.8
1134,YSI,104,12/13/2021 21:57,NA,NA,NA,0.914634146,NA,NA,7.29,NA,22.3,41.799,26.84
1135,YSI,106,12/13/2021 20:15,NA,NA,NA,0.914634146,NA,NA,4.59,NA,22,41.73,26.93
1136,YSI,1,12/30/2021 16:09,NA,NA,NA,1.524390244,NA,NA,6.55,NA,21.1,39.356,25.13
1137,YSI,2,12/30/2021 14:39,NA,NA,NA,1.829268293,NA,NA,6.59,NA,21,42.434,27.3
1138,YSI,3,12/30/2021 14:16,NA,NA,NA,1.524390244,NA,NA,6.44,NA,21.2,41.845,26.9
1139,YSI,4,12/30/2021 13:31,NA,NA,NA,1.219512195,NA,NA,6.4,NA,21.3,41.332,26.53
1140,YSI,5,12/30/2021 15:10,NA,NA,NA,1.829268293,NA,NA,6.82,NA,20.9,43.745,28.25
1141,YSI,6,12/30/2021 15:28,NA,NA,NA,1.676829268,NA,NA,6.83,NA,21,37.288,23.68
1142,YSI,101,12/30/2021 15:49,NA,NA,NA,1.676829268,NA,NA,6.57,NA,21.1,39.421,25.17
1143,YSI,102,12/30/2021 14:50,NA,NA,NA,1.219512195,NA,NA,6.7,NA,20.9,42.695,27.69
1144,YSI,103,12/30/2021 14:18,NA,NA,NA,1.219512195,NA,NA,6.5,NA,21.1,42.04,27.03
1145,YSI,104,12/30/2021 14:01,NA,NA,NA,1.219512195,NA,NA,6.34,NA,21.2,41.74,26.82
1146,YSI,106,12/30/2021 15:38,NA,NA,NA,1.829268293,NA,NA,6.65,NA,21.1,38.805,24.75
